name,dk_name,pos,team,opp,salary,proj_points,match_how,value
A Rodgers,Aaron Rodgers,QB,PIT,UNK,5200,16.551266765594484,initial+last,3.1829359164604774
J Flacco,Joe Flacco,QB,CLE,UNK,4900,14.004666469842196,initial+last,2.8580951979269784
J Johnson,Josh Johnson,QB,WAS,UNK,4000,5.66946674776574,initial+last,1.417366686941435
M Stafford,Matthew Stafford,QB,LAR,UNK,5900,19.59933344205221,initial+last,3.32192092238173
A Dalton,Andy Dalton,QB,CAR,UNK,4700,14.693866576949755,last+team,3.126354590840373
R Wilson,Russell Wilson,QB,NYG,UNK,5000,16.497666695912677,initial+last,3.2995333391825357
K Cousins,Kirk Cousins,QB,ATL,UNK,4600,11.285666670004527,last+team,2.4534057978270716
G Smith,Geno Smith,QB,LV,UNK,5200,13.211733305984072,initial+last,2.5407179434584752
J Winston,Jameis Winston,QB,NYG,UNK,4500,15.903533001740774,initial+last,3.5341184448312832
M Mariota,Marcus Mariota,QB,WAS,UNK,4500,7.804000109533469,last+team,1.734222246562993
B Allen,Brandon Allen,QB,TEN,UNK,4000,8.376399852583805,initial+last,2.0940999631459514
J Goff,Jared Goff,QB,DET,UNK,6500,11.602533496220907,last+team,1.785005153264755
J Brissett,Jacoby Brissett,QB,ARI,UNK,4400,13.430266696959734,initial+last,3.052333340218121
N Mullens,Nick Mullens,QB,JAX,UNK,4300,0.6363333221028249,initial+last,0.14798449351228488
D Watson,Deshaun Watson,QB,CLE,UNK,4000,9.268133330295484,last+team,2.317033332573871
T Boyle,Tim Boyle,QB,TEN,UNK,4000,14.287466990252335,initial+last,3.571866747563084
M Rudolph,Mason Rudolph,QB,PIT,UNK,4200,10.648066673874856,initial+last,2.5352539699702037
B Mayfield,Baker Mayfield,QB,TB,UNK,6600,30.79793335835139,last+team,4.666353539144151
S Darnold,Sam Darnold,QB,SEA,UNK,5300,17.32786671936512,initial+last,3.269408814974551
K Murray,Kyler Murray,QB,ARI,UNK,6400,21.774866550564766,last+team,3.4023228985257448
D Lock,Drew Lock,QB,SEA,UNK,4300,17.815599873860677,initial+last,4.143162761362948
D Jones,Daniel Jones,QB,IND,UNK,5100,16.043066596190133,initial+last,3.1456993325863007
T Tagovailoa,Tua Tagovailoa,QB,MIA,UNK,5800,11.514066679577033,last+team,1.9851839102719022
J Love,Jordan Love,QB,GB,UNK,6100,12.117866796553136,last+team,1.986535540418547
J Burrow,Joe Burrow,QB,CIN,UNK,6900,18.003333156903583,last+team,2.6091787183918234
D Mills,Davis Mills,QB,HOU,UNK,4500,3.871733318318924,last+team,0.8603851818486498
J Fields,Justin Fields,QB,NYJ,UNK,5400,0.2055777800414297,initial+last,0.03806995926693142
T Lawrence,Trevor Lawrence,QB,JAX,UNK,5300,16.97486650943756,last+team,3.202805001780672
M Jones,Mac Jones,QB,SF,UNK,4200,9.01193335533142,initial+last,2.1456984179360523
B Purdy,Brock Purdy,QB,SF,UNK,6200,15.044799815018973,last+team,2.4265806153256406
K Pickett,Kenny Pickett,QB,CLE,UNK,4900,2.067133338799079,initial+last,0.4218639466936896
D Ridder,Desmond Ridder,QB,CIN,UNK,4000,8.862199858501553,initial+last,2.2155499646253882
M Willis,Malik Willis,QB,GB,UNK,4600,7.935333360458414,last+team,1.7250724696648727
H Hooker,Hendon Hooker,QB,DET,UNK,4500,1.1342500014665224,last+team,0.25205555588144946
A O'Connell,Aidan O'Connell,QB,LV,UNK,4200,16.989066687126954,last+team,4.04501587788737
C Tune,Clayton Tune,QB,ARI,UNK,4000,0.4079333289464315,last+team,0.10198333223660787
J Haener,Jake Haener,QB,NO,UNK,4800,8.34506665011247,last+team,1.7385555521067646
B Young,Bryce Young,QB,CAR,UNK,5700,15.725199938615162,last+team,2.75880700677459
W Levis,Will Levis,QB,TEN,UNK,4000,9.615599955022336,last+team,2.403899988755584
C Stroud,C.J. Stroud,QB,HOU,UNK,6000,14.18180005359153,last+team,2.363633342265255
S Rattler,Spencer Rattler,QB,NO,UNK,4800,13.31719992051522,last+team,2.7744166501073377
B Nix,Bo Nix,QB,DEN,UNK,6300,22.57280022521814,last+team,3.582984162733038
D Maye,Drake Maye,QB,NE,UNK,5500,16.488733415553966,last+team,2.997951530100721
J Daniels,Jayden Daniels,QB,WAS,UNK,7000,16.966466932296754,last+team,2.423780990328108
C Patterson,Cordarrelle Patterson,RB,PIT,UNK,4100,2.541000022937854,last+team,0.6197561031555743
R Mostert,Raheem Mostert,RB,LV,UNK,5000,4.282611184674832,initial+last,0.8565222369349664
C McCaffrey,Christian McCaffrey,RB,SF,UNK,7300,17.87746631761392,last+team,2.4489679887142355
S Perine,Samaje Perine,RB,CIN,UNK,4100,1.6091555632899206,initial+last,0.39247696665607823
J Conner,James Conner,RB,ARI,UNK,6100,18.261333196957903,last+team,2.993661179829165
A Ekeler,Austin Ekeler,RB,WAS,UNK,4800,7.777000139156978,last+team,1.6202083623243704
D Ogunbowale,Dare Ogunbowale,RB,HOU,UNK,4000,3.194333385154605,last+team,0.7985833462886512
J Mixon,Joe Mixon,RB,HOU,UNK,6200,8.178333357175191,last+team,1.3190860253508372
A Kamara,Alvin Kamara,RB,NO,UNK,6300,9.472999972502391,last+team,1.503650789286094
J Williams,Josh Williams,RB,TB,UNK,4000,4.071500056868213,initial+last,1.0178750142170532
J McNichols,Jeremy McNichols,RB,WAS,UNK,4000,2.127277819605337,last+team,0.5318194549013342
J Wilson,Emanuel Wilson,RB,GB,UNK,4200,5.1513033694686285,last-unique,1.2265008022544353
G Edwards,Donovan Edwards,RB,NYJ,UNK,4000,7.613666740655899,last-unique,1.9034166851639747
N Chubb,Nick Chubb,RB,HOU,UNK,5200,8.91433333992958,initial+last,1.714294873063381
A Mattison,Alexander Mattison,RB,MIA,UNK,4400,6.867666606903076,initial+last,1.560833319750699
D Singletary,Devin Singletary,RB,NYG,UNK,4600,4.351333336937759,last+team,0.9459420297690782
T Pollard,Tony Pollard,RB,TEN,UNK,5700,7.081666759252548,last+team,1.2423976770618506
C Reynolds,Craig Reynolds,RB,DET,UNK,4000,7.735066653862596,last+team,1.933766663465649
D Montgomery,David Montgomery,RB,DET,UNK,5700,7.268333430687586,last+team,1.2751462159101028
J Jacobs,Josh Jacobs,RB,GB,UNK,6700,19.079266536712645,last+team,2.84765172189741
J Taylor,J.J. Taylor,RB,HOU,UNK,4000,4.066376219914782,last+team,1.0165940549786956
R Dowdle,Rico Dowdle,RB,CAR,UNK,5000,8.846000032424927,initial+last,1.7692000064849853
J Dobbins,J.K. Dobbins,RB,DEN,UNK,5500,10.760183266679444,initial+last,1.9563969575780809
Z Moss,Zack Moss,RB,CIN,UNK,4600,2.8800119001453828,last+team,0.6260895435098659
A Gibson,Antonio Gibson,RB,NE,UNK,4500,15.713667078018188,last+team,3.4919260173373754
C Akers,Cam Akers,RB,NO,UNK,4300,5.807333377202352,initial+last,1.3505426458610121
D Dallas,DeeJay Dallas,RB,ARI,UNK,4000,1.717333347524206,last+team,0.4293333368810515
C Hubbard,Chuba Hubbard,RB,CAR,UNK,6000,14.678000109990435,last+team,2.4463333516650727
R Stevenson,Rhamondre Stevenson,RB,NE,UNK,5400,17.545000076492627,last+team,3.249074088239375
K Herbert,Khalil Herbert,RB,IND,UNK,4300,5.727166763146719,initial+last,1.331899247243423
K Gainwell,Kenneth Gainwell,RB,PIT,UNK,4200,3.457099234461784,initial+last,0.8231188653480438
M Carter,Michael Carter,RB,ARI,UNK,4100,11.322250303179024,last+team,2.761524464190006
T Etienne,Trevor Etienne,RB,CAR,UNK,4500,7.690000040431817,initial+last,1.708888897873737
T Sermon,Trey Sermon,RB,PIT,UNK,4000,3.9796111120821696,initial+last,0.9949027780205424
T Badie,Tyler Badie,RB,DEN,UNK,4000,3.575273737446183,last+team,0.8938184343615457
T Goodson,Tyler Goodson,RB,IND,UNK,4000,2.250916697962417,last+team,0.5627291744906042
J Warren,Jaylen Warren,RB,PIT,UNK,5200,6.871916518012682,last+team,1.321522407310131
R White,Rachaad White,RB,TB,UNK,5100,7.9649555712756195,last+team,1.5617559943677686
D Pierce,Dameon Pierce,RB,HOU,UNK,4700,7.830666767756144,last+team,1.6660993122885412
T Allgeier,Tyler Allgeier,RB,ATL,UNK,5000,9.449466794436177,last+team,1.8898933588872353
J Ford,Jerome Ford,RB,CLE,UNK,5600,8.222222246699863,last+team,1.4682539726249755
R Blackshear,Raheem Blackshear,RB,CAR,UNK,4000,1.9604333386750172,last+team,0.4901083346687543
S McCormick,Sincere McCormick,RB,LV,UNK,4000,7.411333520511786,last+team,1.8528333801279464
R Rivers,Ronnie Rivers,RB,LAR,UNK,4000,3.427666584213575,initial+last,0.8569166460533938
J Chestnut,Julius Chestnut,RB,TEN,UNK,4000,12.830766437277198,last+team,3.2076916093192995
B Robinson,Bijan Robinson,RB,ATL,UNK,8000,15.666333355903625,initial+last,1.958291669487953
K Williams,Kyren Williams,RB,LAR,UNK,6500,12.401833454171816,initial+last,1.9079743775648947
Z White,Zamir White,RB,LV,UNK,4000,3.3910000320275624,last+team,0.8477500080068906
B Hall,Breece Hall,RB,NYJ,UNK,6400,14.090599816322326,last+team,2.201656221300363
K Walker,Kenneth Walker III,RB,SEA,UNK,5900,8.921000010967255,last+team,1.5120339001639413
E Gray,Eric Gray,RB,NYG,UNK,4000,1.0791666807730993,last+team,0.2697916701932748
K Miller,Kendre Miller,RB,NO,UNK,4300,3.971444506380293,last+team,0.9235917456698356
T Bigsby,Tank Bigsby,RB,JAX,UNK,4600,6.86100015660127,last+team,1.4915217731741894
C Brown,Chase Brown,RB,CIN,UNK,6600,30.851999572118125,last+team,4.674545389714868
K McIntosh,Kenny McIntosh,RB,SEA,UNK,4400,7.355666637420654,last+team,1.671742417595603
J Mims,Jordan Mims,RB,TEN,UNK,4000,4.688196029031089,initial+last,1.1720490072577723
C Brooks,Chris Brooks,RB,GB,UNK,4000,9.375333413879076,last+team,2.343833353469769
E Demercado,Emari Demercado,RB,ARI,UNK,4000,8.158666714333824,last+team,2.039666678583456
J McLaughlin,Jaleel McLaughlin,RB,DEN,UNK,4800,7.398288942111864,last+team,1.5413101962733051
E Wilson,Emanuel Wilson,RB,GB,UNK,4200,9.224666635195414,last+team,2.196349198856051
S Tucker,Sean Tucker,RB,TB,UNK,4000,3.8773333957294622,last+team,0.9693333489323656
T Spears,Tyjae Spears,RB,TEN,UNK,4700,16.98433306694031,last+team,3.6136878865830444
D Achane,De'Von Achane,RB,MIA,UNK,6900,7.921000045140584,last+team,1.1479710210348673
J Gibbs,Jahmyr Gibbs,RB,DET,UNK,7700,20.51999999364217,last+team,2.6649350641093728
Z Charbonnet,Zach Charbonnet,RB,SEA,UNK,4900,5.799999982449744,last+team,1.1836734658060701
J Brooks,Jonathon Brooks,RB,CAR,UNK,4000,10.279545975216797,last+team,2.569886493804199
B Irving,Bucky Irving,RB,TB,UNK,7100,9.687666592597962,last+team,1.3644600834645018
I Guerendo,Isaac Guerendo,RB,SF,UNK,5300,11.65100001623233,last+team,2.198301889855157
S Vaki,Sione Vaki,RB,DET,UNK,4000,1.5863333405057587,last+team,0.3965833351264397
A Estime,Audric Estime,RB,DEN,UNK,4300,2.215999985138575,last+team,0.5153488337531571
B Corum,Blake Corum,RB,LAR,UNK,4500,3.2457499733467885,initial+last,0.7212777718548419
B Allen,Braelon Allen,RB,NYJ,UNK,4900,3.282333310544491,last+team,0.669863940927447
I Davis,Isaiah Davis,RB,NYJ,UNK,4000,3.1926666004459063,last+team,0.7981666501114766
J Wright,Jaylen Wright,RB,MIA,UNK,4900,2.024333330988884,last+team,0.41312925122222116
R Davis,Isaiah Davis,RB,NYJ,UNK,4000,3.890833318481843,last-unique,0.9727083296204607
T Benson,Trey Benson,RB,ARI,UNK,4600,7.019666559696198,last+team,1.5260144694991735
A Thielen,Adam Thielen,WR,CAR,UNK,4700,8.529333368009992,last+team,1.8147517804276578
R Woods,Robert Woods,WR,PIT,UNK,3400,3.051153552566256,initial+last,0.8973981036959577
B Cooks,Brandin Cooks,WR,NO,UNK,4100,5.348103424454494,initial+last,1.304415469379145
D Adams,Davante Adams,WR,LAR,UNK,6100,22.962999471823377,initial+last,3.7644261429218653
M Evans,Mike Evans,WR,TB,UNK,6600,32.00866747458776,last+team,4.849798102210267
S Diggs,Stefon Diggs,WR,NE,UNK,5300,21.978533638424345,initial+last,4.146893139325348
D Carter,DeAndre Carter,WR,CLE,UNK,3000,8.097700063917369,initial+last,2.699233354639123
T Lockett,Tyler Lockett,WR,TEN,UNK,4000,3.9394238841051137,initial+last,0.9848559710262784
S Shepard,Sterling Shepard,WR,TB,UNK,3100,3.3348059826613365,last+team,1.0757438653746247
K Raymond,Kalif Raymond,WR,DET,UNK,3200,9.62225386780406,last+team,3.0069543336887685
D Robinson,Demarcus Robinson,WR,SF,UNK,3900,13.829920732893646,initial+last,3.546133521254781
T Hill,Tyreek Hill,WR,MIA,UNK,6700,10.717156723711229,last+team,1.5995756304046609
K Bourne,Kendrick Bourne,WR,NE,UNK,3300,12.57410300739606,last+team,3.810334244665473
T Patrick,Tim Patrick,WR,DET,UNK,3600,10.481899287039324,last+team,2.911638690844257
M Williams,Ke'Shawn Williams,WR,PIT,UNK,3000,2.602197160445165,last+team,0.8673990534817216
M Hollins,Mack Hollins,WR,NE,UNK,3100,4.655383233017392,initial+last,1.5017365267798037
D Moore,David Moore,WR,CAR,UNK,3000,1.5902388703955548,last+team,0.5300796234651849
N Brown,Noah Brown,WR,WAS,UNK,3100,6.87616682714886,last+team,2.2181183313383417
Z Jones,Zay Jones,WR,ARI,UNK,3300,6.466888864205944,last+team,1.9596632921836195
C Kupp,Cooper Kupp,WR,SEA,UNK,5300,6.944903812001622,initial+last,1.310359209811627
C Godwin,Chris Godwin,WR,TB,UNK,5600,14.477177983601887,last+team,2.585210354214623
J Reynolds,Josh Reynolds,WR,NYJ,UNK,3300,5.293838697122461,initial+last,1.6041935445825641
M Valdes-Scantling,Marquez Valdes-Scantling,WR,SEA,UNK,3800,5.245116665575239,initial+last,1.380293859361905
C Sutton,Courtland Sutton,WR,DEN,UNK,6000,12.364744409587647,last+team,2.0607907349312744
J Watson,Justin Watson,WR,HOU,UNK,3000,2.257016270911805,initial+last,0.7523387569706017
R McCloud,Ray-Ray McCloud III,WR,ATL,UNK,3700,13.389325576017772,last+team,3.618736642166965
B Berrios,Braxton Berrios,WR,HOU,UNK,3000,2.429420186206844,initial+last,0.8098067287356147
A Lazard,Allen Lazard,WR,NYJ,UNK,3900,8.395777624693183,last+team,2.1527634935110727
C Kirk,Christian Kirk,WR,HOU,UNK,4700,10.19739978915122,initial+last,2.1696595296066423
C Ridley,Calvin Ridley,WR,TEN,UNK,5000,8.954644664208093,last+team,1.7909289328416187
K Hodge,KhaDarel Hodge,WR,ATL,UNK,3200,5.937608672978384,last+team,1.8555027103057449
D Pettis,Dante Pettis,WR,NO,UNK,3000,16.050221859561077,last+team,5.350073953187025
S Sims,Steven Sims,WR,SEA,UNK,3000,2.862202479413577,initial+last,0.9540674931378591
J Meyers,Jakobi Meyers,WR,LV,UNK,5100,27.5693599716179,last+team,5.405756857179981
A Dulin,Ashton Dulin,WR,IND,UNK,3000,4.3741135208682405,last+team,1.4580378402894134
M Hardman,Mecole Hardman,WR,GB,UNK,3000,2.335401610915623,initial+last,0.778467203638541
D Johnson,Xavier Johnson,WR,HOU,UNK,3000,6.8505737517023135,last+team,2.283524583900771
S Miller,Scotty Miller,WR,PIT,UNK,3000,2.9371687312621138,last+team,0.9790562437540379
T Irwin,Trenton Irwin,WR,JAX,UNK,3000,2.8082666531991625,initial+last,0.9360888843997208
L Humphrey,Lil'Jordan Humphrey,WR,NYG,UNK,3000,6.933619432828928,initial+last,2.3112064776096424
G Dortch,Greg Dortch,WR,ARI,UNK,3500,5.073133367273543,last+team,1.4494666763638693
D Slayton,Darius Slayton,WR,NYG,UNK,4000,13.690847447372615,last+team,3.422711861843154
D Metcalf,DK Metcalf,WR,PIT,UNK,5900,19.976072029855512,initial+last,3.3857749203144936
T McLaurin,Terry McLaurin,WR,WAS,UNK,6200,28.03508837061458,last+team,4.52178844687332
D Chisena,Dan Chisena,WR,CAR,UNK,3000,1.7266369047619043,last+team,0.5755456349206348
N Westbrook-Ikhine,Nick Westbrook-Ikhine,WR,MIA,UNK,3500,13.886688889364402,initial+last,3.9676253969612576
J Jennings,Jauan Jennings,WR,SF,UNK,4900,15.79333301956455,last+team,3.2231291876662342
B Aiyuk,Brandon Aiyuk,WR,SF,UNK,4800,8.196073068554444,last+team,1.7075152226155093
D Mooney,Darnell Mooney,WR,ATL,UNK,5000,5.189377719909427,last+team,1.0378755439818854
J Jefferson,Van Jefferson,WR,TEN,UNK,3400,21.59230000400543,last-unique,6.350676471766303
K Osborn,K.J. Osborn,WR,WAS,UNK,3000,2.1058551441289715,initial+last,0.7019517147096571
J Jeudy,Jerry Jeudy,WR,CLE,UNK,5400,9.82216666486528,last+team,1.8189197527528296
T Higgins,Tee Higgins,WR,CIN,UNK,6400,14.955666743914286,last+team,2.336822928736607
V Jefferson,Van Jefferson,WR,TEN,UNK,3400,2.2186116460952805,initial+last,0.6525328370868472
T Johnson,Tez Johnson,WR,TB,UNK,3000,6.539894359933005,initial+last,2.179964786644335
T Jones,J.J. Jones,WR,JAX,UNK,3000,1.4400079338588412,last+team,0.4800026446196137
N Collins,Nico Collins,WR,HOU,UNK,7400,12.77378897894754,last+team,1.7261876998577756
J Waddle,Jaylen Waddle,WR,MIA,UNK,5700,20.539883596923616,last+team,3.6034883503374764
D Eskridge,Dee Eskridge,WR,MIA,UNK,3000,2.863798388227584,last+team,0.9545994627425279
D Brown,Noah Brown,WR,WAS,UNK,3100,19.274780794647008,last+team,6.217671224079679
S Fehoko,Simi Fehoko,WR,ARI,UNK,3000,6.006497065530883,initial+last,2.0021656885102943
T Atwell,Tutu Atwell,WR,LAR,UNK,3600,4.703244450575776,initial+last,1.3064567918266043
B Skowronek,Ben Skowronek,WR,PIT,UNK,3000,2.332446849057599,last+team,0.7774822830191996
J Chase,Ja'Marr Chase,WR,CIN,UNK,8100,13.656866784095763,last+team,1.686032936308119
A St. Brown,Amon-Ra St. Brown,WR,DET,UNK,7100,20.853033114194872,last+team,2.9370469174922356
B Melton,Bo Melton,WR,GB,UNK,3000,2.808920168598712,last+team,0.9363067228662373
B Covey,Britain Covey,WR,LAR,UNK,3000,7.20392272083804,initial+last,2.40130757361268
K Austin,Calvin Austin III,WR,PIT,UNK,4400,1.9688927772871403,last-unique,0.44747563120162276
D London,Drake London,WR,ATL,UNK,6500,15.923666647275288,last+team,2.449794868811583
C Olave,Chris Olave,WR,NO,UNK,5100,10.31859430336952,last+team,2.023253784974416
J Williams,Jameson Williams,WR,DET,UNK,5500,9.889000029298996,last+team,1.7980000053270901
M Woods,Michael Woods II,WR,CLE,UNK,3000,6.650825588458742,last+team,2.216941862819581
R Shaheed,Rashid Shaheed,WR,NO,UNK,4600,10.017200081666312,last+team,2.17765219166659
J Metchie,John Metchie III,WR,HOU,UNK,3600,7.263042942902399,last+team,2.0175119285839997
A Pierce,Alec Pierce,WR,IND,UNK,4400,23.032444506618717,last+team,5.23464647877698
G Wilson,Ontaria Wilson,WR,NYJ,UNK,3000,5.6255167210896815,last+team,1.8751722403632272
T Burks,Treylon Burks,WR,TEN,UNK,3200,1.0096836411598402,last+team,0.31552613786245004
R Doubs,Romeo Doubs,WR,GB,UNK,4300,9.462877622392444,last+team,2.2006692145098707
C Austin,Calvin Austin III,WR,PIT,UNK,4400,11.87872894625878,last+team,2.6997111241497227
W Robinson,Wan'Dale Robinson,WR,NYG,UNK,4500,17.28646673250198,last+team,3.841437051667107
C Watson,Christian Watson,WR,GB,UNK,4000,1.6789142968635715,last+team,0.4197285742158929
X Smith,Xavier Smith,WR,LAR,UNK,3000,2.068499754614221,initial+last,0.6894999182047403
D Wicks,Dontayvion Wicks,WR,GB,UNK,3400,8.294180075895216,last+team,2.4394647282044755
M Heath,Malik Heath,WR,GB,UNK,3000,8.497959328844432,last+team,2.8326531096148106
X Gipson,Xavier Gipson,WR,NYJ,UNK,3000,1.4576853862842398,last+team,0.4858951287614133
J Smith-Njigba,Jaxon Smith-Njigba,WR,SEA,UNK,5800,12.973318675571017,last+team,2.236779081995003
M Wilson,Michael Wilson,WR,ARI,UNK,4200,13.85409616371942,last+team,3.2985943246951
T Tucker,Tre Tucker,WR,LV,UNK,3100,5.220913548411357,last+team,1.684165660777857
P Washington,Parker Washington,WR,JAX,UNK,3800,16.887666238149006,last+team,4.444122694249739
K Boutte,Kayshon Boutte,WR,NE,UNK,3800,8.822005496634375,last+team,2.3215803938511517
X Hutchinson,Xavier Hutchinson,WR,HOU,UNK,3000,2.9034881593840463,last+team,0.9678293864613488
A Iosivas,Andrei Iosivas,WR,CIN,UNK,3700,2.540749930527476,last+team,0.6866891704128313
D Douglas,DeMario Douglas,WR,NE,UNK,4200,8.524430292279947,last+team,2.029626260066654
J Brooks,Ja'Corey Brooks,WR,WAS,UNK,3000,3.454716220624863,initial+last,1.151572073541621
R Bell,Ronnie Bell,WR,DET,UNK,3000,2.4268941222085547,initial+last,0.8089647074028515
J Bobo,Jake Bobo,WR,SEA,UNK,3000,4.32533340189192,last+team,1.44177780063064
R Jarrett,Rakim Jarrett,WR,TB,UNK,3000,6.164985255329469,last+team,2.054995085109823
R Miller,Ryan Miller,WR,TB,UNK,3000,3.430527962002805,last+team,1.1435093206676017
J Hyatt,Jalin Hyatt,WR,NYG,UNK,3000,3.2934415040134515,last+team,1.0978138346711506
T Dell,Tank Dell,WR,HOU,UNK,3200,5.187538874877824,last+team,1.62110589839932
C Tillman,Cedric Tillman,WR,CLE,UNK,4400,22.00333368215296,last+team,5.000757655034763
J Downs,Josh Downs,WR,IND,UNK,4600,19.76573314809799,last+team,4.296898510456085
T Palmer,Trey Palmer,WR,TB,UNK,3000,2.158360323326928,last+team,0.719453441108976
P Nacua,Puka Nacua,WR,LAR,UNK,7600,9.697999983628591,initial+last,1.2760526294248147
J Reed,Jayden Reed,WR,GB,UNK,5400,6.955129561650056,last+team,1.2879869558611214
M Nabers,Malik Nabers,WR,NYG,UNK,7000,20.43223380708695,last+team,2.9188905438695643
X Legette,Xavier Legette,WR,CAR,UNK,4200,15.89793289106422,last+team,3.7852221169200524
L McCaffrey,Luke McCaffrey,WR,WAS,UNK,3500,5.061536813079208,last+team,1.446153375165488
J Cowing,Jacob Cowing,WR,SF,UNK,3500,6.583474682841034,last+team,1.8809927665260098
J Thrash,Jamari Thrash,WR,CLE,UNK,3000,3.1479638599100883,last+team,1.049321286636696
B Means,Bub Means,WR,NO,UNK,3100,8.002416075422648,last+team,2.5814245404589187
D Vele,Devaughn Vele,WR,DEN,UNK,3900,7.1422925182133135,last+team,1.8313570559521317
J Coker,Jalen Coker,WR,CAR,UNK,3700,11.056759244756725,last+team,2.988313309393709
K Johnson,Kameron Johnson,WR,TB,UNK,3000,2.1415000104374355,last+team,0.7138333368124785
M Tipton,Mason Tipton,WR,NO,UNK,3000,3.01738211621273,last+team,1.0057940387375768
B Oliver,Bryce Oliver,WR,TEN,UNK,3000,4.214348795323701,last+team,1.404782931774567
A Smith,Arian Smith,WR,NYJ,UNK,3000,4.233462926189735,initial+last,1.4111543087299117
J Whittington,Jordan Whittington,WR,LAR,UNK,3100,1.1235481465812085,initial+last,0.3624348859939382
J Burton,Jermaine Burton,WR,CIN,UNK,3100,3.583999973667993,last+team,1.1561290237638686
J Baker,Javon Baker,WR,NE,UNK,3000,2.590079364567522,last+team,0.863359788189174
J McMillan,Jalen McMillan,WR,TB,UNK,4100,9.149333287080127,last+team,2.2315447041658847
T Franklin,Troy Franklin,WR,DEN,UNK,3500,2.1810605521028634,last+team,0.6231601577436753
M Washington,Tahj Washington,WR,MIA,UNK,3000,4.070166694521904,last+team,1.3567222315073015
A Mitchell,Adonai Mitchell,WR,IND,UNK,3400,8.823808395862581,last+team,2.5952377634889947
J Polk,Ja'Lynn Polk,WR,NE,UNK,3000,3.1479638599100883,last+team,1.049321286636696
R Pearsall,Ricky Pearsall,WR,SF,UNK,4500,9.751782434228865,last+team,2.16706276316197
M Corley,Malachi Corley,WR,NYJ,UNK,3000,2.7515488103876518,last+team,0.9171829367958839
Z Ertz,Zach Ertz,TE,WAS,UNK,4100,8.83533324400584,last+team,2.1549593278063024
C Manhertz,Chris Manhertz,TE,NYG,UNK,2500,2.4494127091599838,last+team,0.9797650836639935
A Hooper,Austin Hooper,TE,NE,UNK,2900,3.862633317901029,last+team,1.331942523414148
H Henry,Hunter Henry,TE,NE,UNK,3900,8.40163741205105,last+team,2.154266003090013
T Higbee,Tyler Higbee,TE,LAR,UNK,3400,10.634333545366925,initial+last,3.127745160402037
M Alie-Cox,Mo Alie-Cox,TE,IND,UNK,2500,4.291978603516307,last+team,1.7167914414065226
J Mundt,Johnny Mundt,TE,JAX,UNK,2500,4.998602746060917,initial+last,1.999441098424367
G Kittle,George Kittle,TE,SF,UNK,5800,8.328000065485636,last+team,1.4358620802561441
T Hill,Taysom Hill,TE,NO,UNK,3700,14.33166687409083,last+team,3.873423479484008
P Brown,Pharaoh Brown,TE,MIA,UNK,2500,2.790337692587149,initial+last,1.1161350770348597
E Saubert,Eric Saubert,TE,SEA,UNK,2500,1.6790888815720877,initial+last,0.6716355526288351
J Smith,Jonnu Smith,TE,PIT,UNK,4200,13.002500271373329,initial+last,3.0958333979460306
E Engram,Evan Engram,TE,DEN,UNK,4500,7.655083433190981,initial+last,1.7011296518202181
D Njoku,David Njoku,TE,CLE,UNK,4700,7.021000027656555,last+team,1.493829793118416
I Thomas,Ian Thomas,TE,LV,UNK,2500,1.7539277555942536,initial+last,0.7015711022377015
D Schultz,Dalton Schultz,TE,HOU,UNK,3500,2.0379999974038867,last+team,0.5822857135439676
T Hudson,Tanner Hudson,TE,CIN,UNK,2500,2.0527981212522146,last+team,0.8211192485008858
M Gesicki,Mike Gesicki,TE,CIN,UNK,3600,10.541777694755131,last+team,2.9282715818764253
F Moreau,Foster Moreau,TE,NO,UNK,2700,5.687856378464471,last+team,2.1066134735053597
D Sample,Drew Sample,TE,CIN,UNK,2500,2.809462190125292,last+team,1.1237848760501168
J Johnson,Juwan Johnson,TE,NO,UNK,3300,10.659666722085742,last+team,3.2302020369956796
C Parkinson,Colby Parkinson,TE,LAR,UNK,2500,1.0212331519768667,initial+last,0.40849326079074666
J Deguara,Josiah Deguara,TE,ARI,UNK,2500,1.676351609833327,initial+last,0.6705406439333308
A Trautman,Adam Trautman,TE,DEN,UNK,2800,1.6110344101586358,last+team,0.5753694321995129
C Woerner,Charlie Woerner,TE,ATL,UNK,2500,0.9572833471298215,last+team,0.38291333885192863
K Yeboah,Kenny Yeboah,TE,DET,UNK,2500,3.554008458656925,initial+last,1.42160338346277
Q Morris,Quintin Morris,TE,JAX,UNK,2500,4.018029525208093,initial+last,1.6072118100832373
J Bates,John Bates,TE,WAS,UNK,2500,1.8965186873676176,last+team,0.7586074749470471
B Wright,Brock Wright,TE,DET,UNK,2500,2.667011890774924,last+team,1.0668047563099696
F Franks,Feleipe Franks,TE,ATL,UNK,2500,3.154525869003049,initial+last,1.2618103476012197
L Farrell,Luke Farrell,TE,SF,UNK,2500,1.6110344101586358,initial+last,0.6444137640634543
P Freiermuth,Pat Freiermuth,TE,PIT,UNK,3200,13.063999966780344,last+team,4.082499989618857
H Long,Hunter Long,TE,JAX,UNK,2500,0.8275436618190907,initial+last,0.33101746472763627
T Tremble,Tommy Tremble,TE,CAR,UNK,2500,3.3359999406337737,last+team,1.3343999762535095
G Dulcich,Greg Dulcich,TE,NYG,UNK,2500,12.99499951004982,initial+last,5.197999804019927
A Ogletree,Drew Ogletree,TE,IND,UNK,2500,2.5230196098011626,last+team,1.009207843920465
C Heyward,Connor Heyward,TE,PIT,UNK,2500,3.161585045449644,last+team,1.2646340181798577
S Smartt,Stone Smartt,TE,NYJ,UNK,2500,5.364742173784308,initial+last,2.1458968695137233
L Krull,Lucas Krull,TE,DEN,UNK,2500,3.6352952982925215,last+team,1.4541181193170085
T McBride,Trey McBride,TE,ARI,UNK,6200,21.15455554260148,last+team,3.4120250875163673
J Ruckert,Jeremy Ruckert,TE,NYJ,UNK,2500,3.211540483315785,last+team,1.284616193326314
C Okonkwo,Chig Okonkwo,TE,TEN,UNK,3400,11.68433333794276,last+team,3.4365686288066946
J Ferguson,Terrance Ferguson,TE,LAR,UNK,3200,9.645999932024216,last-unique,3.014374978757567
D Bellinger,Daniel Bellinger,TE,NYG,UNK,2500,4.750503339131702,last+team,1.900201335652681
C Otton,Cade Otton,TE,TB,UNK,3800,5.132460401304185,last+team,1.350647474027417
W Mallory,Will Mallory,TE,IND,UNK,2500,5.246520854662963,last+team,2.098608341865185
D Washington,Darnell Washington,TE,PIT,UNK,2500,3.471083345519172,last+team,1.3884333382076688
J Whyle,Josh Whyle,TE,TEN,UNK,2500,7.016249985429977,last+team,2.8064999941719906
B Whiteheart,Blake Whiteheart,TE,CLE,UNK,2500,6.070526780990357,last+team,2.428210712396143
J Hill,Julian Hill,TE,MIA,UNK,2700,0.8421837827115176,last+team,0.3119199195227843
N Adkins,Nate Adkins,TE,DEN,UNK,2500,5.715794301808196,last+team,2.2863177207232783
B Sims,Ben Sims,TE,GB,UNK,2500,2.1731861697217245,last+team,0.8692744678886898
B Strange,Brenton Strange,TE,JAX,UNK,3300,8.222616562883058,last+team,2.491701988752442
T Kraft,Tucker Kraft,TE,GB,UNK,4000,4.732444520791372,last+team,1.183111130197843
E Higgins,Elijah Higgins,TE,ARI,UNK,2500,3.459367164088936,last+team,1.3837468656355745
P Durham,Payne Durham,TE,TB,UNK,2600,11.50146687189738,last+team,4.423641104575915
S LaPorta,Sam LaPorta,TE,DET,UNK,5000,12.430777628289327,last+team,2.4861555256578654
M Mayer,Michael Mayer,TE,LV,UNK,3000,4.057366766393185,last+team,1.3524555887977285
D Allen,Davis Allen,TE,LAR,UNK,2500,1.634136519497349,initial+last,0.6536546077989396
L Musgrave,Luke Musgrave,TE,GB,UNK,2800,4.355197760415516,last+team,1.55542777157697
B Bowers,Brock Bowers,TE,LV,UNK,6500,9.66059992190202,last+team,1.4862461418310802
J Sanders,Ja'Tavion Sanders,TE,CAR,UNK,2900,7.138467624564966,last+team,2.461540560194816
C Stover,Cade Stover,TE,HOU,UNK,2600,6.8912114552060775,last+team,2.65046594431003
J Bell,Jaheim Bell,TE,NE,UNK,2500,3.7678915599546174,last+team,1.507156623981847
C Grandy,Cam Grandy,TE,CIN,UNK,2500,5.808115994485604,last+team,2.3232463977942417
T Reiman,Tip Reiman,TE,ARI,UNK,2500,4.45185543184905,last+team,1.78074217273962
A Barner,AJ Barner,TE,SEA,UNK,2800,13.226879587583124,last+team,4.723885566993973
T Johnson,Theo Johnson,TE,NYG,UNK,3000,10.271777863370048,last+team,3.4239259544566827
B Sinnott,Ben Sinnott,TE,WAS,UNK,2500,4.514739604930084,last+team,1.8058958419720337
Arizona Cardinals,Cardinals ,DST,ARI,UNK,3500,8.756628463398805,dst-team,2.501893846685373
Atlanta Falcons,Falcons ,DST,ATL,UNK,2600,8.741922277655604,dst-team,3.362277799098309
Carolina Panthers,Panthers ,DST,CAR,UNK,2400,8.445282088781205,dst-team,3.518867536992169
Cincinnati Bengals,Bengals ,DST,CIN,UNK,3600,9.138337656221433,dst-team,2.5384271267281755
Cleveland Browns,Browns ,DST,CLE,UNK,2300,4.04493821490588,dst-team,1.7586687890895132
Denver Broncos,Broncos ,DST,DEN,UNK,3800,5.888179961808173,dst-team,1.5495210425810981
Detroit Lions,Lions ,DST,DET,UNK,2700,9.403529795165156,dst-team,3.4827888130241313
Green Bay Packers,Packers ,DST,GB,UNK,2900,7.313671338938284,dst-team,2.5219556341166496
Houston Texans,Texans ,DST,HOU,UNK,2500,7.562519887964431,dst-team,3.0250079551857723
Indianapolis Colts,Colts ,DST,IND,UNK,2800,5.5354769955106695,dst-team,1.9769560698252393
Jacksonville Jaguars,Jaguars ,DST,JAX,UNK,3200,8.934521217117954,dst-team,2.7920378803493606
Los Angeles Rams,Rams ,DST,LAR,UNK,3400,6.486261632652353,dst-team,1.9077240096036332
Las Vegas Raiders,Raiders ,DST,LV,UNK,2600,7.630632981493834,dst-team,2.93485883903609
Miami Dolphins,Dolphins ,DST,MIA,UNK,2700,4.583832782239642,dst-team,1.6977158452739414
New England Patriots,Patriots ,DST,NE,UNK,3100,4.732586435902032,dst-team,1.526640785774849
New Orleans Saints,Saints ,DST,NO,UNK,2400,8.940603194730198,dst-team,3.7252513311375823
New York Giants,Giants ,DST,NYG,UNK,2300,8.34284165428316,dst-team,3.6273224583839827
New York Jets,Jets ,DST,NYJ,UNK,2800,8.790878532379452,dst-team,3.1395994758498045
Pittsburgh Steelers,Steelers ,DST,PIT,UNK,3300,4.641069649087128,dst-team,1.4063847421476146
Seattle Seahawks,Seahawks ,DST,SEA,UNK,2500,6.364061663503442,dst-team,2.5456246654013768
San Francisco 49ers,49ers ,DST,SF,UNK,2900,6.701152210134578,dst-team,2.3107421414257163
Tampa Bay Buccaneers,Buccaneers ,DST,TB,UNK,3000,9.517069336620532,dst-team,3.1723564455401774
Tennessee Titans,Titans ,DST,TEN,UNK,2200,6.016398459112578,dst-team,2.7347265723238987
Washington Commanders,Commanders ,DST,WAS,UNK,3700,7.452913243346158,dst-team,2.0143008765800428
