Position,Name + ID,Name,ID,Roster Position,Salary,Game Info,TeamAbbrev,AvgPointsPerGame
WR,Ja'Marr Chase (39506085),Ja'Marr Chase,39506085,WR/FLEX,8100,CIN@CLE 09/07/2025 01:00PM ET,CIN,24.59
RB,Bijan Robinson (39505777),Bijan Robinson,39505777,RB/FLEX,8000,TB@ATL 09/07/2025 01:00PM ET,ATL,20.98
RB,Jahmyr Gibbs (39505779),Jahmyr Gibbs,39505779,RB/FLEX,7700,DET@GB 09/07/2025 04:25PM ET,DET,23.19
WR,Puka Nacua (39506087),Puka Nacua,39506087,WR/FLEX,7600,HOU@LAR 09/07/2025 04:25PM ET,LAR,19.03
WR,Nico Collins (39506089),Nico Collins,39506089,WR/FLEX,7400,HOU@LAR 09/07/2025 04:25PM ET,HOU,18.85
RB,Christian McCaffrey (39505781),Christian McCaffrey,39505781,RB/FLEX,7300,SF@SEA 09/07/2025 04:05PM ET,SF,12.2
RB,Bucky Irving (39505783),Bucky Irving,39505783,RB/FLEX,7100,TB@ATL 09/07/2025 01:00PM ET,TB,15.04
WR,Amon-Ra St. Brown (39506091),Amon-Ra St. Brown,39506091,WR/FLEX,7100,DET@GB 09/07/2025 04:25PM ET,DET,19.66
RB,Ashton Jeanty (39505785),Ashton Jeanty,39505785,RB/FLEX,7000,LV@NE 09/07/2025 01:00PM ET,LV,0
QB,Jayden Daniels (39505688),Jayden Daniels,39505688,QB,7000,NYG@WAS 09/07/2025 01:00PM ET,WAS,22.21
WR,Malik Nabers (39506093),Malik Nabers,39506093,WR/FLEX,7000,NYG@WAS 09/07/2025 01:00PM ET,NYG,18.84
RB,De'Von Achane (39505787),De'Von Achane,39505787,RB/FLEX,6900,MIA@IND 09/07/2025 01:00PM ET,MIA,17.99
QB,Joe Burrow (39505689),Joe Burrow,39505689,QB,6900,CIN@CLE 09/07/2025 01:00PM ET,CIN,23.99
RB,Jonathan Taylor (39505789),Jonathan Taylor,39505789,RB/FLEX,6800,MIA@IND 09/07/2025 01:00PM ET,IND,19.26
WR,Brian Thomas Jr. (39506095),Brian Thomas Jr.,39506095,WR/FLEX,6800,CAR@JAX 09/07/2025 01:00PM ET,JAX,17.41
WR,Tyreek Hill (39506097),Tyreek Hill,39506097,WR/FLEX,6700,MIA@IND 09/07/2025 01:00PM ET,MIA,13.36
RB,Josh Jacobs (39505791),Josh Jacobs,39505791,RB/FLEX,6700,DET@GB 09/07/2025 04:25PM ET,GB,18.12
QB,Baker Mayfield (39505690),Baker Mayfield,39505690,QB,6600,TB@ATL 09/07/2025 01:00PM ET,TB,23.25
WR,Mike Evans (39506099),Mike Evans,39506099,WR/FLEX,6600,TB@ATL 09/07/2025 01:00PM ET,TB,17.91
RB,Chase Brown (39505793),Chase Brown,39505793,RB/FLEX,6600,CIN@CLE 09/07/2025 01:00PM ET,CIN,16.19
TE,Brock Bowers (39506677),Brock Bowers,39506677,TE/FLEX,6500,LV@NE 09/07/2025 01:00PM ET,LV,15.81
WR,Drake London (39506101),Drake London,39506101,WR/FLEX,6500,TB@ATL 09/07/2025 01:00PM ET,ATL,17.05
QB,Jared Goff (39505691),Jared Goff,39505691,QB,6500,DET@GB 09/07/2025 04:25PM ET,DET,20.59
RB,Kyren Williams (39505795),Kyren Williams,39505795,RB/FLEX,6500,HOU@LAR 09/07/2025 04:25PM ET,LAR,17.71
RB,Breece Hall (39505797),Breece Hall,39505797,RB/FLEX,6400,PIT@NYJ 09/07/2025 01:00PM ET,NYJ,15.56
QB,Kyler Murray (39505692),Kyler Murray,39505692,QB,6400,ARI@NO 09/07/2025 01:00PM ET,ARI,18.72
WR,Tee Higgins (39506103),Tee Higgins,39506103,WR/FLEX,6400,CIN@CLE 09/07/2025 01:00PM ET,CIN,19.09
WR,Garrett Wilson (39506105),Garrett Wilson,39506105,WR/FLEX,6300,PIT@NYJ 09/07/2025 01:00PM ET,NYJ,15.64
RB,Alvin Kamara (39505799),Alvin Kamara,39505799,RB/FLEX,6300,ARI@NO 09/07/2025 01:00PM ET,NO,19.59
QB,Bo Nix (39505693),Bo Nix,39505693,QB,6300,TEN@DEN 09/07/2025 04:05PM ET,DEN,19.40
TE,Trey McBride (39506679),Trey McBride,39506679,TE/FLEX,6200,ARI@NO 09/07/2025 01:00PM ET,ARI,16.18
WR,Terry McLaurin (39506107),Terry McLaurin,39506107,WR/FLEX,6200,NYG@WAS 09/07/2025 01:00PM ET,WAS,16.92
QB,Brock Purdy (39505694),Brock Purdy,39505694,QB,6200,SF@SEA 09/07/2025 04:05PM ET,SF,19.79
RB,Joe Mixon (39505801),Joe Mixon,39505801,RB/FLEX,6200,HOU@LAR 09/07/2025 04:25PM ET,HOU,18.78
RB,James Conner (39505803),James Conner,39505803,RB/FLEX,6100,ARI@NO 09/07/2025 01:00PM ET,ARI,17.05
QB,Jordan Love (39505695),Jordan Love,39505695,QB,6100,DET@GB 09/07/2025 04:25PM ET,GB,15.90
WR,Davante Adams (39506109),Davante Adams,39506109,WR/FLEX,6100,HOU@LAR 09/07/2025 04:25PM ET,LAR,17.88
RB,Chuba Hubbard (39505805),Chuba Hubbard,39505805,RB/FLEX,6000,CAR@JAX 09/07/2025 01:00PM ET,CAR,17.11
WR,Courtland Sutton (39506111),Courtland Sutton,39506111,WR/FLEX,6000,TEN@DEN 09/07/2025 04:05PM ET,DEN,14.6
QB,C.J. Stroud (39505696),C.J. Stroud,39505696,QB,6000,HOU@LAR 09/07/2025 04:25PM ET,HOU,14.47
WR,DK Metcalf (39506113),DK Metcalf,39506113,WR/FLEX,5900,PIT@NYJ 09/07/2025 01:00PM ET,PIT,13.48
RB,Kenneth Walker III (39505807),Kenneth Walker III,39505807,RB/FLEX,5900,SF@SEA 09/07/2025 04:05PM ET,SEA,16.74
QB,Matthew Stafford (39505697),Matthew Stafford,39505697,QB,5900,HOU@LAR 09/07/2025 04:25PM ET,LAR,15.02
QB,Tua Tagovailoa (39505698),Tua Tagovailoa,39505698,QB,5800,MIA@IND 09/07/2025 01:00PM ET,MIA,18.42
RB,Brian Robinson Jr. (39505809),Brian Robinson Jr.,39505809,RB/FLEX,5800,NYG@WAS 09/07/2025 01:00PM ET,WAS,11.88
RB,RJ Harvey (39505811),RJ Harvey,39505811,RB/FLEX,5800,TEN@DEN 09/07/2025 04:05PM ET,DEN,0
WR,Jaxon Smith-Njigba (39506115),Jaxon Smith-Njigba,39506115,WR/FLEX,5800,SF@SEA 09/07/2025 04:05PM ET,SEA,15.41
TE,George Kittle (39506681),George Kittle,39506681,TE/FLEX,5800,SF@SEA 09/07/2025 04:05PM ET,SF,16.57
WR,Jaylen Waddle (39506117),Jaylen Waddle,39506117,WR/FLEX,5700,MIA@IND 09/07/2025 01:00PM ET,MIA,10.37
QB,Bryce Young (39505699),Bryce Young,39505699,QB,5700,CAR@JAX 09/07/2025 01:00PM ET,CAR,14.72
RB,Tony Pollard (39505813),Tony Pollard,39505813,RB/FLEX,5700,TEN@DEN 09/07/2025 04:05PM ET,TEN,13.23
RB,David Montgomery (39505815),David Montgomery,39505815,RB/FLEX,5700,DET@GB 09/07/2025 04:25PM ET,DET,15.29
QB,Michael Penix Jr. (39505700),Michael Penix Jr.,39505700,QB,5600,TB@ATL 09/07/2025 01:00PM ET,ATL,10.02
WR,Chris Godwin (39506119),Chris Godwin,39506119,WR/FLEX,5600,TB@ATL 09/07/2025 01:00PM ET,TB,20.54
RB,Tyrone Tracy Jr. (39505817),Tyrone Tracy Jr.,39505817,RB/FLEX,5600,NYG@WAS 09/07/2025 01:00PM ET,NYG,11.37
RB,Jerome Ford (39505819),Jerome Ford,39505819,RB/FLEX,5600,CIN@CLE 09/07/2025 01:00PM ET,CLE,9.57
QB,Drake Maye (39505701),Drake Maye,39505701,QB,5500,LV@NE 09/07/2025 01:00PM ET,NE,14.86
RB,TreVeyon Henderson (39505823),TreVeyon Henderson,39505823,RB/FLEX,5500,LV@NE 09/07/2025 01:00PM ET,NE,0
WR,Marvin Harrison Jr. (39506121),Marvin Harrison Jr.,39506121,WR/FLEX,5500,ARI@NO 09/07/2025 01:00PM ET,ARI,11.97
RB,J.K. Dobbins (39505821),J.K. Dobbins,39505821,RB/FLEX,5500,TEN@DEN 09/07/2025 04:05PM ET,DEN,14.31
WR,Jameson Williams (39506123),Jameson Williams,39506123,WR/FLEX,5500,DET@GB 09/07/2025 04:25PM ET,DET,14.7
RB,Rhamondre Stevenson (39505825),Rhamondre Stevenson,39505825,RB/FLEX,5400,LV@NE 09/07/2025 01:00PM ET,NE,12.13
QB,Justin Fields (39505702),Justin Fields,39505702,QB,5400,PIT@NYJ 09/07/2025 01:00PM ET,NYJ,11.28
RB,Travis Etienne Jr. (39505827),Travis Etienne Jr.,39505827,RB/FLEX,5400,CAR@JAX 09/07/2025 01:00PM ET,JAX,8.75
WR,Jerry Jeudy (39506125),Jerry Jeudy,39506125,WR/FLEX,5400,CIN@CLE 09/07/2025 01:00PM ET,CLE,14.7
WR,Jayden Reed (39506127),Jayden Reed,39506127,WR/FLEX,5400,DET@GB 09/07/2025 04:25PM ET,GB,11.98
WR,Stefon Diggs (39506131),Stefon Diggs,39506131,WR/FLEX,5300,LV@NE 09/07/2025 01:00PM ET,NE,15.24
RB,Kaleb Johnson (39505831),Kaleb Johnson,39505831,RB/FLEX,5300,PIT@NYJ 09/07/2025 01:00PM ET,PIT,0
QB,Trevor Lawrence (39505704),Trevor Lawrence,39505704,QB,5300,CAR@JAX 09/07/2025 01:00PM ET,JAX,15.92
QB,Sam Darnold (39505703),Sam Darnold,39505703,QB,5300,SF@SEA 09/07/2025 04:05PM ET,SEA,19.26
RB,Isaac Guerendo (39505829),Isaac Guerendo,39505829,RB/FLEX,5300,SF@SEA 09/07/2025 04:05PM ET,SF,5.95
WR,Cooper Kupp (39506129),Cooper Kupp,39506129,WR/FLEX,5300,SF@SEA 09/07/2025 04:05PM ET,SEA,14.21
QB,Geno Smith (39505706),Geno Smith,39505706,QB,5200,LV@NE 09/07/2025 01:00PM ET,LV,17.41
QB,Aaron Rodgers (39505705),Aaron Rodgers,39505705,QB,5200,PIT@NYJ 09/07/2025 01:00PM ET,PIT,16.03
RB,Jaylen Warren (39505833),Jaylen Warren,39505833,RB/FLEX,5200,PIT@NYJ 09/07/2025 01:00PM ET,PIT,8.22
WR,Deebo Samuel Sr. (39506133),Deebo Samuel Sr.,39506133,WR/FLEX,5200,NYG@WAS 09/07/2025 01:00PM ET,WAS,10.71
WR,Tetairoa McMillan (39506135),Tetairoa McMillan,39506135,WR/FLEX,5200,CAR@JAX 09/07/2025 01:00PM ET,CAR,0
RB,Nick Chubb (39505835),Nick Chubb,39505835,RB/FLEX,5200,HOU@LAR 09/07/2025 04:25PM ET,HOU,8.04
RB,Woody Marks (39505837),Woody Marks,39505837,RB/FLEX,5200,HOU@LAR 09/07/2025 04:25PM ET,HOU,0
WR,Jakobi Meyers (39506137),Jakobi Meyers,39506137,WR/FLEX,5100,LV@NE 09/07/2025 01:00PM ET,LV,15.13
RB,Rachaad White (39505839),Rachaad White,39505839,RB/FLEX,5100,TB@ATL 09/07/2025 01:00PM ET,TB,12.12
QB,Anthony Richardson Sr. (39505707),Anthony Richardson Sr.,39505707,QB,5100,MIA@IND 09/07/2025 01:00PM ET,IND,16.22
QB,Daniel Jones (39505708),Daniel Jones,39505708,QB,5100,MIA@IND 09/07/2025 01:00PM ET,IND,14.43
WR,Chris Olave (39506139),Chris Olave,39506139,WR/FLEX,5100,ARI@NO 09/07/2025 01:00PM ET,NO,10.09
RB,Cam Skattebo (39505843),Cam Skattebo,39505843,RB/FLEX,5100,NYG@WAS 09/07/2025 01:00PM ET,NYG,0
RB,Quinshon Judkins (39505841),Quinshon Judkins,39505841,RB/FLEX,5100,CIN@CLE 09/07/2025 01:00PM ET,CLE,0
RB,Raheem Mostert (39505847),Raheem Mostert,39505847,RB/FLEX,5000,LV@NE 09/07/2025 01:00PM ET,LV,5.61
RB,Tyler Allgeier (39505849),Tyler Allgeier,39505849,RB/FLEX,5000,TB@ATL 09/07/2025 01:00PM ET,ATL,6.42
WR,Darnell Mooney (39506143),Darnell Mooney,39506143,WR/FLEX,5000,TB@ATL 09/07/2025 01:00PM ET,ATL,12.45
QB,Russell Wilson (39505709),Russell Wilson,39505709,QB,5000,NYG@WAS 09/07/2025 01:00PM ET,NYG,17.02
RB,Rico Dowdle (39505845),Rico Dowdle,39505845,RB/FLEX,5000,CAR@JAX 09/07/2025 01:00PM ET,CAR,13.24
WR,Travis Hunter (39506145),Travis Hunter,39506145,WR/FLEX,5000,CAR@JAX 09/07/2025 01:00PM ET,JAX,0
QB,Cameron Ward (39505710),Cameron Ward,39505710,QB,5000,TEN@DEN 09/07/2025 04:05PM ET,TEN,0
WR,Calvin Ridley (39506141),Calvin Ridley,39506141,WR/FLEX,5000,TEN@DEN 09/07/2025 04:05PM ET,TEN,11.95
TE,Sam LaPorta (39506683),Sam LaPorta,39506683,TE/FLEX,5000,DET@GB 09/07/2025 04:25PM ET,DET,11.45
RB,Braelon Allen (39505853),Braelon Allen,39505853,RB/FLEX,4900,PIT@NYJ 09/07/2025 01:00PM ET,NYJ,5.01
RB,Jaylen Wright (39505857),Jaylen Wright,39505857,RB/FLEX,4900,MIA@IND 09/07/2025 01:00PM ET,MIA,1.85
WR,Michael Pittman Jr. (39506149),Michael Pittman Jr.,39506149,WR/FLEX,4900,MIA@IND 09/07/2025 01:00PM ET,IND,10.8
QB,Joe Flacco (39505711),Joe Flacco,39505711,QB,4900,CIN@CLE 09/07/2025 01:00PM ET,CLE,14.50
QB,Kenny Pickett (39505712),Kenny Pickett,39505712,QB,4900,CIN@CLE 09/07/2025 01:00PM ET,CLE,3.63
QB,Dillon Gabriel (39505713),Dillon Gabriel,39505713,QB,4900,CIN@CLE 09/07/2025 01:00PM ET,CLE,0
QB,Shedeur Sanders (39505714),Shedeur Sanders,39505714,QB,4900,CIN@CLE 09/07/2025 01:00PM ET,CLE,0
RB,Dylan Sampson (39505855),Dylan Sampson,39505855,RB/FLEX,4900,CIN@CLE 09/07/2025 01:00PM ET,CLE,0
RB,Zach Charbonnet (39505851),Zach Charbonnet,39505851,RB/FLEX,4900,SF@SEA 09/07/2025 04:05PM ET,SEA,11.17
WR,Jauan Jennings (39506147),Jauan Jennings,39506147,WR/FLEX,4900,SF@SEA 09/07/2025 04:05PM ET,SF,14.23
WR,Matthew Golden (39506151),Matthew Golden,39506151,WR/FLEX,4900,DET@GB 09/07/2025 04:25PM ET,GB,0
RB,DJ Giddens (39505863),DJ Giddens,39505863,RB/FLEX,4800,MIA@IND 09/07/2025 01:00PM ET,IND,0
QB,Spencer Rattler (39505715),Spencer Rattler,39505715,QB,4800,ARI@NO 09/07/2025 01:00PM ET,NO,10.75
QB,Tyler Shough (39505716),Tyler Shough,39505716,QB,4800,ARI@NO 09/07/2025 01:00PM ET,NO,0
QB,Jake Haener (39505717),Jake Haener,39505717,QB,4800,ARI@NO 09/07/2025 01:00PM ET,NO,1.78
RB,Austin Ekeler (39505859),Austin Ekeler,39505859,RB/FLEX,4800,NYG@WAS 09/07/2025 01:00PM ET,WAS,10.71
RB,Jaleel McLaughlin (39505861),Jaleel McLaughlin,39505861,RB/FLEX,4800,TEN@DEN 09/07/2025 04:05PM ET,DEN,5.82
WR,Brandon Aiyuk (39506155),Brandon Aiyuk,39506155,WR/FLEX,4800,SF@SEA 09/07/2025 04:05PM ET,SF,9.34
WR,Jayden Higgins (39506153),Jayden Higgins,39506153,WR/FLEX,4800,HOU@LAR 09/07/2025 04:25PM ET,HOU,0
QB,Andy Dalton (39505718),Andy Dalton,39505718,QB,4700,CAR@JAX 09/07/2025 01:00PM ET,CAR,11.33
WR,Adam Thielen (39506157),Adam Thielen,39506157,WR/FLEX,4700,CAR@JAX 09/07/2025 01:00PM ET,CAR,14.55
TE,David Njoku (39506685),David Njoku,39506685,TE/FLEX,4700,CIN@CLE 09/07/2025 01:00PM ET,CLE,13.5
RB,Tyjae Spears (39505865),Tyjae Spears,39505865,RB/FLEX,4700,TEN@DEN 09/07/2025 04:05PM ET,TEN,9.47
RB,MarShawn Lloyd (39505869),MarShawn Lloyd,39505869,RB/FLEX,4700,DET@GB 09/07/2025 04:25PM ET,GB,2.8
RB,Dameon Pierce (39505867),Dameon Pierce,39505867,RB/FLEX,4700,HOU@LAR 09/07/2025 04:25PM ET,HOU,3.77
WR,Christian Kirk (39506159),Christian Kirk,39506159,WR/FLEX,4700,HOU@LAR 09/07/2025 04:25PM ET,HOU,8.86
QB,Kirk Cousins (39505720),Kirk Cousins,39505720,QB,4600,TB@ATL 09/07/2025 01:00PM ET,ATL,14.52
WR,Emeka Egbuka (39506165),Emeka Egbuka,39506165,WR/FLEX,4600,TB@ATL 09/07/2025 01:00PM ET,TB,0
WR,Josh Downs (39506161),Josh Downs,39506161,WR/FLEX,4600,MIA@IND 09/07/2025 01:00PM ET,IND,13.32
RB,Trey Benson (39505873),Trey Benson,39505873,RB/FLEX,4600,ARI@NO 09/07/2025 01:00PM ET,ARI,3.62
WR,Rashid Shaheed (39506163),Rashid Shaheed,39506163,WR/FLEX,4600,ARI@NO 09/07/2025 01:00PM ET,NO,13.47
RB,Devin Singletary (39505875),Devin Singletary,39505875,RB/FLEX,4600,NYG@WAS 09/07/2025 01:00PM ET,NYG,6.57
RB,Tank Bigsby (39505871),Tank Bigsby,39505871,RB/FLEX,4600,CAR@JAX 09/07/2025 01:00PM ET,JAX,8.5
RB,Zack Moss (39505877),Zack Moss,39505877,RB/FLEX,4600,CIN@CLE 09/07/2025 01:00PM ET,CIN,10.36
QB,Malik Willis (39505719),Malik Willis,39505719,QB,4600,DET@GB 09/07/2025 04:25PM ET,GB,7.54
QB,Joshua Dobbs (39505726),Joshua Dobbs,39505726,QB,4500,LV@NE 09/07/2025 01:00PM ET,NE,18.42
RB,Antonio Gibson (39505879),Antonio Gibson,39505879,RB/FLEX,4500,LV@NE 09/07/2025 01:00PM ET,NE,6.08
QB,Jameis Winston (39505721),Jameis Winston,39505721,QB,4500,NYG@WAS 09/07/2025 01:00PM ET,NYG,12.84
QB,Marcus Mariota (39505724),Marcus Mariota,39505724,QB,4500,NYG@WAS 09/07/2025 01:00PM ET,WAS,7.64
QB,Jaxson Dart (39505725),Jaxson Dart,39505725,QB,4500,NYG@WAS 09/07/2025 01:00PM ET,NYG,0
WR,Wan'Dale Robinson (39506167),Wan'Dale Robinson,39506167,WR/FLEX,4500,NYG@WAS 09/07/2025 01:00PM ET,NYG,10.75
RB,Trevor Etienne (39505885),Trevor Etienne,39505885,RB/FLEX,4500,CAR@JAX 09/07/2025 01:00PM ET,CAR,0
WR,Marvin Mims Jr. (39506169),Marvin Mims Jr.,39506169,WR/FLEX,4500,TEN@DEN 09/07/2025 04:05PM ET,DEN,7.71
TE,Evan Engram (39506687),Evan Engram,39506687,TE/FLEX,4500,TEN@DEN 09/07/2025 04:05PM ET,DEN,10.39
WR,Ricky Pearsall (39506171),Ricky Pearsall,39506171,WR/FLEX,4500,SF@SEA 09/07/2025 04:05PM ET,SF,8.77
QB,Hendon Hooker (39505722),Hendon Hooker,39505722,QB,4500,DET@GB 09/07/2025 04:25PM ET,DET,0.89
QB,Davis Mills (39505723),Davis Mills,39505723,QB,4500,HOU@LAR 09/07/2025 04:25PM ET,HOU,2.40
RB,Blake Corum (39505881),Blake Corum,39505881,RB/FLEX,4500,HOU@LAR 09/07/2025 04:25PM ET,LAR,1.97
RB,Jarquez Hunter (39505883),Jarquez Hunter,39505883,RB/FLEX,4500,HOU@LAR 09/07/2025 04:25PM ET,LAR,0
QB,Tyrod Taylor (39505728),Tyrod Taylor,39505728,QB,4400,PIT@NYJ 09/07/2025 01:00PM ET,NYJ,10.03
WR,Calvin Austin III (39506177),Calvin Austin III,39506177,WR/FLEX,4400,PIT@NYJ 09/07/2025 01:00PM ET,PIT,6.85
RB,Alexander Mattison (39505887),Alexander Mattison,39505887,RB/FLEX,4400,MIA@IND 09/07/2025 01:00PM ET,MIA,9.89
WR,Alec Pierce (39506175),Alec Pierce,39506175,WR/FLEX,4400,MIA@IND 09/07/2025 01:00PM ET,IND,10.65
TE,Tyler Warren (39506689),Tyler Warren,39506689,TE/FLEX,4400,MIA@IND 09/07/2025 01:00PM ET,IND,0
QB,Jacoby Brissett (39505727),Jacoby Brissett,39505727,QB,4400,ARI@NO 09/07/2025 01:00PM ET,ARI,5.90
RB,Bhayshul Tuten (39505893),Bhayshul Tuten,39505893,RB/FLEX,4400,CAR@JAX 09/07/2025 01:00PM ET,JAX,0
QB,Jake Browning (39505729),Jake Browning,39505729,QB,4400,CIN@CLE 09/07/2025 01:00PM ET,CIN,-0.07
RB,Pierre Strong Jr. (39505889),Pierre Strong Jr.,39505889,RB/FLEX,4400,CIN@CLE 09/07/2025 01:00PM ET,CLE,2.51
WR,Cedric Tillman (39506173),Cedric Tillman,39506173,WR/FLEX,4400,CIN@CLE 09/07/2025 01:00PM ET,CLE,7.4
RB,Kenny McIntosh (39505891),Kenny McIntosh,39505891,RB/FLEX,4400,SF@SEA 09/07/2025 04:05PM ET,SEA,1.32
QB,Jimmy Garoppolo (39505730),Jimmy Garoppolo,39505730,QB,4400,HOU@LAR 09/07/2025 04:25PM ET,LAR,23.86
WR,Kyle Williams (39506183),Kyle Williams,39506183,WR/FLEX,4300,LV@NE 09/07/2025 01:00PM ET,NE,0
TE,Kyle Pitts Sr. (39506691),Kyle Pitts Sr.,39506691,TE/FLEX,4300,TB@ATL 09/07/2025 01:00PM ET,ATL,7.72
QB,Zach Wilson (39505735),Zach Wilson,39505735,QB,4300,MIA@IND 09/07/2025 01:00PM ET,MIA,0
RB,Khalil Herbert (39505897),Khalil Herbert,39505897,RB/FLEX,4300,MIA@IND 09/07/2025 01:00PM ET,IND,2.25
RB,Kendre Miller (39505895),Kendre Miller,39505895,RB/FLEX,4300,ARI@NO 09/07/2025 01:00PM ET,NO,4.85
RB,Cam Akers (39505901),Cam Akers,39505901,RB/FLEX,4300,ARI@NO 09/07/2025 01:00PM ET,NO,5.45
QB,Nick Mullens (39505734),Nick Mullens,39505734,QB,4300,CAR@JAX 09/07/2025 01:00PM ET,JAX,0.33
WR,Dyami Brown (39506181),Dyami Brown,39506181,WR/FLEX,4300,CAR@JAX 09/07/2025 01:00PM ET,JAX,5.80
QB,Jarrett Stidham (39505732),Jarrett Stidham,39505732,QB,4300,TEN@DEN 09/07/2025 04:05PM ET,DEN,0.12
RB,Audric Estime (39505899),Audric Estime,39505899,RB/FLEX,4300,TEN@DEN 09/07/2025 04:05PM ET,DEN,3.82
QB,Drew Lock (39505731),Drew Lock,39505731,QB,4300,SF@SEA 09/07/2025 04:05PM ET,SEA,11.27
QB,Jalen Milroe (39505733),Jalen Milroe,39505733,QB,4300,SF@SEA 09/07/2025 04:05PM ET,SEA,0
RB,Jordan James (39505903),Jordan James,39505903,RB/FLEX,4300,SF@SEA 09/07/2025 04:05PM ET,SF,0
WR,Romeo Doubs (39506179),Romeo Doubs,39506179,WR/FLEX,4300,DET@GB 09/07/2025 04:25PM ET,GB,9.67
QB,Aidan O'Connell (39505736),Aidan O'Connell,39505736,QB,4200,LV@NE 09/07/2025 01:00PM ET,LV,11.39
WR,DeMario Douglas (39506189),DeMario Douglas,39506189,WR/FLEX,4200,LV@NE 09/07/2025 01:00PM ET,NE,8.69
QB,Mason Rudolph (39505738),Mason Rudolph,39505738,QB,4200,PIT@NYJ 09/07/2025 01:00PM ET,PIT,13.22
RB,Kenneth Gainwell (39505907),Kenneth Gainwell,39505907,RB/FLEX,4200,PIT@NYJ 09/07/2025 01:00PM ET,PIT,3.45
TE,Jonnu Smith (39506693),Jonnu Smith,39506693,TE/FLEX,4200,PIT@NYJ 09/07/2025 01:00PM ET,PIT,13.49
RB,Ollie Gordon II (39505909),Ollie Gordon II,39505909,RB/FLEX,4200,MIA@IND 09/07/2025 01:00PM ET,MIA,0
WR,Michael Wilson (39506187),Michael Wilson,39506187,WR/FLEX,4200,ARI@NO 09/07/2025 01:00PM ET,ARI,7.84
WR,Xavier Legette (39506185),Xavier Legette,39506185,WR/FLEX,4200,CAR@JAX 09/07/2025 01:00PM ET,CAR,7.82
QB,Mac Jones (39505737),Mac Jones,39505737,QB,4200,SF@SEA 09/07/2025 04:05PM ET,SF,10.61
RB,Emanuel Wilson (39505905),Emanuel Wilson,39505905,RB/FLEX,4200,DET@GB 09/07/2025 04:25PM ET,GB,5.55
WR,Jack Bech (39506195),Jack Bech,39506195,WR/FLEX,4100,LV@NE 09/07/2025 01:00PM ET,LV,0
RB,Cordarrelle Patterson (39505913),Cordarrelle Patterson,39505913,RB/FLEX,4100,PIT@NYJ 09/07/2025 01:00PM ET,PIT,2.75
QB,Kyle Trask (39505740),Kyle Trask,39505740,QB,4100,TB@ATL 09/07/2025 01:00PM ET,TB,-0.05
WR,Jalen McMillan (39506191),Jalen McMillan,39506191,WR/FLEX,4100,TB@ATL 09/07/2025 01:00PM ET,TB,10.11
QB,Riley Leonard (39505739),Riley Leonard,39505739,QB,4100,MIA@IND 09/07/2025 01:00PM ET,IND,0
RB,Michael Carter (39505911),Michael Carter,39505911,RB/FLEX,4100,ARI@NO 09/07/2025 01:00PM ET,ARI,11.93
WR,Brandin Cooks (39506193),Brandin Cooks,39506193,WR/FLEX,4100,ARI@NO 09/07/2025 01:00PM ET,NO,6.96
TE,Zach Ertz (39506695),Zach Ertz,39506695,TE/FLEX,4100,NYG@WAS 09/07/2025 01:00PM ET,WAS,11.00
RB,Samaje Perine (39505915),Samaje Perine,39505915,RB/FLEX,4100,CIN@CLE 09/07/2025 01:00PM ET,CIN,4.24
RB,Trayveon Williams (39505923),Trayveon Williams,39505923,RB/FLEX,4000,CIN@CLE 09/07/2025 01:00PM ET,CLE,0
RB,Nate Noel (39506027),Nate Noel,39506027,RB/FLEX,4000,MIA@IND 09/07/2025 01:00PM ET,IND,0
QB,Ben Wooldridge (39505774),Ben Wooldridge,39505774,QB,4000,LV@NE 09/07/2025 01:00PM ET,NE,0
QB,Cam Miller (39505775),Cam Miller,39505775,QB,4000,LV@NE 09/07/2025 01:00PM ET,LV,0
RB,Lan Larison (39506065),Lan Larison,39506065,RB/FLEX,4000,LV@NE 09/07/2025 01:00PM ET,NE,0
RB,Terrell Jennings (39506067),Terrell Jennings,39506067,RB/FLEX,4000,LV@NE 09/07/2025 01:00PM ET,NE,1.1
RB,Brock Lampe (39506069),Brock Lampe,39506069,RB/FLEX,4000,LV@NE 09/07/2025 01:00PM ET,NE,0
RB,Sincere McCormick (39506071),Sincere McCormick,39506071,RB/FLEX,4000,LV@NE 09/07/2025 01:00PM ET,LV,5.44
RB,Zamir White (39506073),Zamir White,39506073,RB/FLEX,4000,LV@NE 09/07/2025 01:00PM ET,LV,3.91
RB,Dylan Laube (39506075),Dylan Laube,39506075,RB/FLEX,4000,LV@NE 09/07/2025 01:00PM ET,LV,-0.1
RB,Chris Collier (39506077),Chris Collier,39506077,RB/FLEX,4000,LV@NE 09/07/2025 01:00PM ET,LV,0.22
QB,Will Howard (39505770),Will Howard,39505770,QB,4000,PIT@NYJ 09/07/2025 01:00PM ET,PIT,0
QB,Skylar Thompson (39505771),Skylar Thompson,39505771,QB,4000,PIT@NYJ 09/07/2025 01:00PM ET,PIT,2.63
QB,Adrian Martinez (39505772),Adrian Martinez,39505772,QB,4000,PIT@NYJ 09/07/2025 01:00PM ET,NYJ,0
QB,Brady Cook (39505773),Brady Cook,39505773,QB,4000,PIT@NYJ 09/07/2025 01:00PM ET,NYJ,0
RB,Isaiah Davis (39505927),Isaiah Davis,39505927,RB/FLEX,4000,PIT@NYJ 09/07/2025 01:00PM ET,NYJ,2.7
RB,Trey Sermon (39506051),Trey Sermon,39506051,RB/FLEX,4000,PIT@NYJ 09/07/2025 01:00PM ET,PIT,3.16
RB,Evan Hull (39506053),Evan Hull,39506053,RB/FLEX,4000,PIT@NYJ 09/07/2025 01:00PM ET,PIT,0
RB,Max Hurleman (39506055),Max Hurleman,39506055,RB/FLEX,4000,PIT@NYJ 09/07/2025 01:00PM ET,PIT,0
RB,Kene Nwangwu (39506057),Kene Nwangwu,39506057,RB/FLEX,4000,PIT@NYJ 09/07/2025 01:00PM ET,NYJ,3
RB,Zach Evans (39506059),Zach Evans,39506059,RB/FLEX,4000,PIT@NYJ 09/07/2025 01:00PM ET,NYJ,0
RB,Donovan Edwards (39506061),Donovan Edwards,39506061,RB/FLEX,4000,PIT@NYJ 09/07/2025 01:00PM ET,NYJ,0
RB,Andrew Beck (39506063),Andrew Beck,39506063,RB/FLEX,4000,PIT@NYJ 09/07/2025 01:00PM ET,NYJ,0
QB,Michael Pratt (39505766),Michael Pratt,39505766,QB,4000,TB@ATL 09/07/2025 01:00PM ET,TB,0
QB,Connor Bazelak (39505767),Connor Bazelak,39505767,QB,4000,TB@ATL 09/07/2025 01:00PM ET,TB,0
QB,Easton Stick (39505768),Easton Stick,39505768,QB,4000,TB@ATL 09/07/2025 01:00PM ET,ATL,0
QB,Emory Jones (39505769),Emory Jones,39505769,QB,4000,TB@ATL 09/07/2025 01:00PM ET,ATL,0
RB,Sean Tucker (39506037),Sean Tucker,39506037,RB/FLEX,4000,TB@ATL 09/07/2025 01:00PM ET,TB,3.98
RB,D.J. Williams (39506039),D.J. Williams,39506039,RB/FLEX,4000,TB@ATL 09/07/2025 01:00PM ET,TB,0
RB,Josh Williams (39506041),Josh Williams,39506041,RB/FLEX,4000,TB@ATL 09/07/2025 01:00PM ET,TB,0
RB,Carlos Washington Jr. (39506043),Carlos Washington Jr.,39506043,RB/FLEX,4000,TB@ATL 09/07/2025 01:00PM ET,ATL,0
RB,Elijah Dotson (39506045),Elijah Dotson,39506045,RB/FLEX,4000,TB@ATL 09/07/2025 01:00PM ET,ATL,0
RB,Jashaun Corbin (39506047),Jashaun Corbin,39506047,RB/FLEX,4000,TB@ATL 09/07/2025 01:00PM ET,ATL,0
RB,Nathan Carter (39506049),Nathan Carter,39506049,RB/FLEX,4000,TB@ATL 09/07/2025 01:00PM ET,ATL,0
QB,Quinn Ewers (39505764),Quinn Ewers,39505764,QB,4000,MIA@IND 09/07/2025 01:00PM ET,MIA,0
QB,Jason Bean (39505765),Jason Bean,39505765,QB,4000,MIA@IND 09/07/2025 01:00PM ET,IND,0
RB,Alec Ingold (39506029),Alec Ingold,39506029,RB/FLEX,4000,MIA@IND 09/07/2025 01:00PM ET,MIA,1.82
RB,Tyler Goodson (39506031),Tyler Goodson,39506031,RB/FLEX,4000,MIA@IND 09/07/2025 01:00PM ET,IND,2.78
RB,Salvon Ahmed (39506033),Salvon Ahmed,39506033,RB/FLEX,4000,MIA@IND 09/07/2025 01:00PM ET,IND,0
RB,Ulysses Bentley IV (39506035),Ulysses Bentley IV,39506035,RB/FLEX,4000,MIA@IND 09/07/2025 01:00PM ET,IND,0
QB,Clayton Tune (39505762),Clayton Tune,39505762,QB,4000,ARI@NO 09/07/2025 01:00PM ET,ARI,-0.18
QB,Hunter Dekkers (39505763),Hunter Dekkers,39505763,QB,4000,ARI@NO 09/07/2025 01:00PM ET,NO,0
RB,Emari Demercado (39506015),Emari Demercado,39506015,RB/FLEX,4000,ARI@NO 09/07/2025 01:00PM ET,ARI,4.21
RB,DeeJay Dallas (39506017),DeeJay Dallas,39506017,RB/FLEX,4000,ARI@NO 09/07/2025 01:00PM ET,ARI,1.24
RB,Zonovan Knight (39506019),Zonovan Knight,39506019,RB/FLEX,4000,ARI@NO 09/07/2025 01:00PM ET,ARI,0
RB,Devin Neal (39506021),Devin Neal,39506021,RB/FLEX,4000,ARI@NO 09/07/2025 01:00PM ET,NO,0
RB,Velus Jones Jr. (39506023),Velus Jones Jr.,39506023,RB/FLEX,4000,ARI@NO 09/07/2025 01:00PM ET,NO,0.63
RB,Marcus Yarns (39506025),Marcus Yarns,39506025,RB/FLEX,4000,ARI@NO 09/07/2025 01:00PM ET,NO,0
RB,Clyde Edwards-Helaire (39506079),Clyde Edwards-Helaire,39506079,RB/FLEX,4000,ARI@NO 09/07/2025 01:00PM ET,NO,5
QB,Tommy DeVito (39505742),Tommy DeVito,39505742,QB,4000,NYG@WAS 09/07/2025 01:00PM ET,NYG,4.49
QB,Josh Johnson (39505760),Josh Johnson,39505760,QB,4000,NYG@WAS 09/07/2025 01:00PM ET,WAS,0.13
QB,Sam Hartman (39505761),Sam Hartman,39505761,QB,4000,NYG@WAS 09/07/2025 01:00PM ET,WAS,0
RB,Chris Rodriguez Jr. (39506001),Chris Rodriguez Jr.,39506001,RB/FLEX,4000,NYG@WAS 09/07/2025 01:00PM ET,WAS,3.5
RB,Jeremy McNichols (39506003),Jeremy McNichols,39506003,RB/FLEX,4000,NYG@WAS 09/07/2025 01:00PM ET,WAS,3.48
RB,Jacory Croskey-Merritt (39506005),Jacory Croskey-Merritt,39506005,RB/FLEX,4000,NYG@WAS 09/07/2025 01:00PM ET,WAS,0
RB,Demetric Felton (39506007),Demetric Felton,39506007,RB/FLEX,4000,NYG@WAS 09/07/2025 01:00PM ET,WAS,0
RB,Eric Gray (39506009),Eric Gray,39506009,RB/FLEX,4000,NYG@WAS 09/07/2025 01:00PM ET,NYG,1.14
RB,Dante Miller (39506011),Dante Miller,39506011,RB/FLEX,4000,NYG@WAS 09/07/2025 01:00PM ET,NYG,0
RB,Rushawn Baker (39506013),Rushawn Baker,39506013,RB/FLEX,4000,NYG@WAS 09/07/2025 01:00PM ET,NYG,0
RB,Kazmeir Allen (39506081),Kazmeir Allen,39506081,RB/FLEX,4000,NYG@WAS 09/07/2025 01:00PM ET,WAS,0
WR,Darius Slayton (39506199),Darius Slayton,39506199,WR/FLEX,4000,NYG@WAS 09/07/2025 01:00PM ET,NYG,7.25
QB,John Wolford (39505757),John Wolford,39505757,QB,4000,CAR@JAX 09/07/2025 01:00PM ET,JAX,0
QB,Seth Henigan (39505758),Seth Henigan,39505758,QB,4000,CAR@JAX 09/07/2025 01:00PM ET,JAX,0
QB,Jack Plummer (39505759),Jack Plummer,39505759,QB,4000,CAR@JAX 09/07/2025 01:00PM ET,CAR,0
RB,Raheem Blackshear (39505921),Raheem Blackshear,39505921,RB/FLEX,4000,CAR@JAX 09/07/2025 01:00PM ET,CAR,0.5
RB,LeQuint Allen Jr. (39505991),LeQuint Allen Jr.,39505991,RB/FLEX,4000,CAR@JAX 09/07/2025 01:00PM ET,JAX,0
RB,Ja'Quinden Jackson (39505993),Ja'Quinden Jackson,39505993,RB/FLEX,4000,CAR@JAX 09/07/2025 01:00PM ET,JAX,0
RB,Emani Bailey (39505995),Emani Bailey,39505995,RB/FLEX,4000,CAR@JAX 09/07/2025 01:00PM ET,CAR,0
RB,Kay'Ron Lynch-Adams (39505997),Kay'Ron Lynch-Adams,39505997,RB/FLEX,4000,CAR@JAX 09/07/2025 01:00PM ET,CAR,0
RB,Jonathon Brooks (39505999),Jonathon Brooks,39505999,RB/FLEX,4000,CAR@JAX 09/07/2025 01:00PM ET,CAR,2.5
QB,Deshaun Watson (39505755),Deshaun Watson,39505755,QB,4000,CIN@CLE 09/07/2025 01:00PM ET,CLE,11.82
QB,Payton Thorne (39505756),Payton Thorne,39505756,QB,4000,CIN@CLE 09/07/2025 01:00PM ET,CIN,0
QB,Desmond Ridder (39505776),Desmond Ridder,39505776,QB,4000,CIN@CLE 09/07/2025 01:00PM ET,CIN,4.32
RB,Ahmani Marshall (39505979),Ahmani Marshall,39505979,RB/FLEX,4000,CIN@CLE 09/07/2025 01:00PM ET,CLE,0
RB,Troy Hairston (39505981),Troy Hairston,39505981,RB/FLEX,4000,CIN@CLE 09/07/2025 01:00PM ET,CLE,0
RB,Tahj Brooks (39505983),Tahj Brooks,39505983,RB/FLEX,4000,CIN@CLE 09/07/2025 01:00PM ET,CIN,0
RB,Gary Brightwell (39505985),Gary Brightwell,39505985,RB/FLEX,4000,CIN@CLE 09/07/2025 01:00PM ET,CIN,0
RB,Kendall Milton (39505987),Kendall Milton,39505987,RB/FLEX,4000,CIN@CLE 09/07/2025 01:00PM ET,CIN,0
RB,Quali Conley (39505989),Quali Conley,39505989,RB/FLEX,4000,CIN@CLE 09/07/2025 01:00PM ET,CIN,0
QB,Will Levis (39505741),Will Levis,39505741,QB,4000,TEN@DEN 09/07/2025 04:05PM ET,TEN,11.50
QB,Brandon Allen (39505743),Brandon Allen,39505743,QB,4000,TEN@DEN 09/07/2025 04:05PM ET,TEN,3.12
QB,Tim Boyle (39505753),Tim Boyle,39505753,QB,4000,TEN@DEN 09/07/2025 04:05PM ET,TEN,4.98
QB,Sam Ehlinger (39505754),Sam Ehlinger,39505754,QB,4000,TEN@DEN 09/07/2025 04:05PM ET,DEN,0
RB,Jermar Jefferson (39505917),Jermar Jefferson,39505917,RB/FLEX,4000,TEN@DEN 09/07/2025 04:05PM ET,TEN,2.1
RB,Julius Chestnut (39505967),Julius Chestnut,39505967,RB/FLEX,4000,TEN@DEN 09/07/2025 04:05PM ET,TEN,0.78
RB,Kalel Mullings (39505969),Kalel Mullings,39505969,RB/FLEX,4000,TEN@DEN 09/07/2025 04:05PM ET,TEN,0
RB,Jordan Mims (39505971),Jordan Mims,39505971,RB/FLEX,4000,TEN@DEN 09/07/2025 04:05PM ET,TEN,2.37
RB,Tyler Badie (39505973),Tyler Badie,39505973,RB/FLEX,4000,TEN@DEN 09/07/2025 04:05PM ET,DEN,2.8
RB,Blake Watson (39505975),Blake Watson,39505975,RB/FLEX,4000,TEN@DEN 09/07/2025 04:05PM ET,DEN,1.65
RB,Michael Burton (39505977),Michael Burton,39505977,RB/FLEX,4000,TEN@DEN 09/07/2025 04:05PM ET,DEN,1.63
WR,Tyler Lockett (39506201),Tyler Lockett,39506201,WR/FLEX,4000,TEN@DEN 09/07/2025 04:05PM ET,TEN,7.12
QB,Kurtis Rourke (39505751),Kurtis Rourke,39505751,QB,4000,SF@SEA 09/07/2025 04:05PM ET,SF,0
QB,Tanner Mordecai (39505752),Tanner Mordecai,39505752,QB,4000,SF@SEA 09/07/2025 04:05PM ET,SF,0
RB,Patrick Taylor Jr. (39505919),Patrick Taylor Jr.,39505919,RB/FLEX,4000,SF@SEA 09/07/2025 04:05PM ET,SF,2.52
RB,Damien Martinez (39505955),Damien Martinez,39505955,RB/FLEX,4000,SF@SEA 09/07/2025 04:05PM ET,SEA,0
RB,George Holani (39505957),George Holani,39505957,RB/FLEX,4000,SF@SEA 09/07/2025 04:05PM ET,SEA,0.38
RB,Jacardia Wright (39505959),Jacardia Wright,39505959,RB/FLEX,4000,SF@SEA 09/07/2025 04:05PM ET,SEA,0
RB,Robbie Ouzts (39505961),Robbie Ouzts,39505961,RB/FLEX,4000,SF@SEA 09/07/2025 04:05PM ET,SEA,0
RB,Corey Kiner (39505963),Corey Kiner,39505963,RB/FLEX,4000,SF@SEA 09/07/2025 04:05PM ET,SF,0
RB,Kyle Juszczyk (39505965),Kyle Juszczyk,39505965,RB/FLEX,4000,SF@SEA 09/07/2025 04:05PM ET,SF,3.45
RB,Brady Russell (39506083),Brady Russell,39506083,RB/FLEX,4000,SF@SEA 09/07/2025 04:05PM ET,SEA,0
QB,Sean Clifford (39505748),Sean Clifford,39505748,QB,4000,DET@GB 09/07/2025 04:25PM ET,GB,0
QB,Taylor Elgersma (39505749),Taylor Elgersma,39505749,QB,4000,DET@GB 09/07/2025 04:25PM ET,GB,0
QB,Kyle Allen (39505750),Kyle Allen,39505750,QB,4000,DET@GB 09/07/2025 04:25PM ET,DET,0.76
RB,Chris Brooks (39505925),Chris Brooks,39505925,RB/FLEX,4000,DET@GB 09/07/2025 04:25PM ET,GB,2.82
RB,Amar Johnson (39505943),Amar Johnson,39505943,RB/FLEX,4000,DET@GB 09/07/2025 04:25PM ET,GB,0
RB,Jalen White (39505945),Jalen White,39505945,RB/FLEX,4000,DET@GB 09/07/2025 04:25PM ET,GB,0
RB,Craig Reynolds (39505947),Craig Reynolds,39505947,RB/FLEX,4000,DET@GB 09/07/2025 04:25PM ET,DET,1.16
RB,Sione Vaki (39505949),Sione Vaki,39505949,RB/FLEX,4000,DET@GB 09/07/2025 04:25PM ET,DET,0.48
RB,Kye Robichaux (39505951),Kye Robichaux,39505951,RB/FLEX,4000,DET@GB 09/07/2025 04:25PM ET,DET,0
RB,Jabari Small (39505953),Jabari Small,39505953,RB/FLEX,4000,DET@GB 09/07/2025 04:25PM ET,DET,0
WR,Christian Watson (39506197),Christian Watson,39506197,WR/FLEX,4000,DET@GB 09/07/2025 04:25PM ET,GB,7.49
TE,Tucker Kraft (39506697),Tucker Kraft,39506697,TE/FLEX,4000,DET@GB 09/07/2025 04:25PM ET,GB,9.61
QB,Stetson Bennett IV (39505744),Stetson Bennett IV,39505744,QB,4000,HOU@LAR 09/07/2025 04:25PM ET,LAR,0
QB,Dresser Winn (39505745),Dresser Winn,39505745,QB,4000,HOU@LAR 09/07/2025 04:25PM ET,LAR,0
QB,Graham Mertz (39505746),Graham Mertz,39505746,QB,4000,HOU@LAR 09/07/2025 04:25PM ET,HOU,0
QB,Kedon Slovis (39505747),Kedon Slovis,39505747,QB,4000,HOU@LAR 09/07/2025 04:25PM ET,HOU,0
RB,Ronnie Rivers (39505929),Ronnie Rivers,39505929,RB/FLEX,4000,HOU@LAR 09/07/2025 04:25PM ET,LAR,1.00
RB,Cody Schrader (39505931),Cody Schrader,39505931,RB/FLEX,4000,HOU@LAR 09/07/2025 04:25PM ET,LAR,0.95
RB,Jordan Waters (39505933),Jordan Waters,39505933,RB/FLEX,4000,HOU@LAR 09/07/2025 04:25PM ET,LAR,0
RB,Dare Ogunbowale (39505935),Dare Ogunbowale,39505935,RB/FLEX,4000,HOU@LAR 09/07/2025 04:25PM ET,HOU,3.07
RB,J.J. Taylor (39505937),J.J. Taylor,39505937,RB/FLEX,4000,HOU@LAR 09/07/2025 04:25PM ET,HOU,1.28
RB,British Brooks (39505939),British Brooks,39505939,RB/FLEX,4000,HOU@LAR 09/07/2025 04:25PM ET,HOU,0.04
RB,Jawhar Jordan (39505941),Jawhar Jordan,39505941,RB/FLEX,4000,HOU@LAR 09/07/2025 04:25PM ET,HOU,0
TE,Hunter Henry (39506699),Hunter Henry,39506699,TE/FLEX,3900,LV@NE 09/07/2025 01:00PM ET,NE,9.28
WR,Allen Lazard (39506205),Allen Lazard,39506205,WR/FLEX,3900,PIT@NYJ 09/07/2025 01:00PM ET,NYJ,10.75
WR,Diontae Johnson (39506209),Diontae Johnson,39506209,WR/FLEX,3900,CIN@CLE 09/07/2025 01:00PM ET,CLE,7.25
WR,Devaughn Vele (39506207),Devaughn Vele,39506207,WR/FLEX,3900,TEN@DEN 09/07/2025 04:05PM ET,DEN,7.61
WR,Demarcus Robinson (39506203),Demarcus Robinson,39506203,WR/FLEX,3900,SF@SEA 09/07/2025 04:05PM ET,SF,7.22
WR,Kayshon Boutte (39506211),Kayshon Boutte,39506211,WR/FLEX,3800,LV@NE 09/07/2025 01:00PM ET,NE,8.33
TE,Cade Otton (39506701),Cade Otton,39506701,TE/FLEX,3800,TB@ATL 09/07/2025 01:00PM ET,TB,9.99
WR,Parker Washington (39506213),Parker Washington,39506213,WR/FLEX,3800,CAR@JAX 09/07/2025 01:00PM ET,JAX,5.88
DST,Broncos  (39506991),Broncos ,39506991,DST,3800,TEN@DEN 09/07/2025 04:05PM ET,DEN,10.11
WR,Marquez Valdes-Scantling (39506215),Marquez Valdes-Scantling,39506215,WR/FLEX,3800,SF@SEA 09/07/2025 04:05PM ET,SEA,6.25
WR,Jaylin Noel (39506217),Jaylin Noel,39506217,WR/FLEX,3800,HOU@LAR 09/07/2025 04:25PM ET,HOU,0
WR,Ray-Ray McCloud III (39506221),Ray-Ray McCloud III,39506221,WR/FLEX,3700,TB@ATL 09/07/2025 01:00PM ET,ATL,8.38
TE,Taysom Hill (39506703),Taysom Hill,39506703,TE/FLEX,3700,ARI@NO 09/07/2025 01:00PM ET,NO,13.42
WR,Jaylin Lane (39506225),Jaylin Lane,39506225,WR/FLEX,3700,NYG@WAS 09/07/2025 01:00PM ET,WAS,0
DST,Commanders  (39506992),Commanders ,39506992,DST,3700,NYG@WAS 09/07/2025 01:00PM ET,WAS,5.45
WR,Jalen Coker (39506219),Jalen Coker,39506219,WR/FLEX,3700,CAR@JAX 09/07/2025 01:00PM ET,CAR,8.69
WR,Andrei Iosivas (39506223),Andrei Iosivas,39506223,WR/FLEX,3700,CIN@CLE 09/07/2025 01:00PM ET,CIN,7.05
WR,Dont'e Thornton Jr. (39506233),Dont'e Thornton Jr.,39506233,WR/FLEX,3600,LV@NE 09/07/2025 01:00PM ET,LV,0
TE,Mike Gesicki (39506705),Mike Gesicki,39506705,TE/FLEX,3600,CIN@CLE 09/07/2025 01:00PM ET,CIN,8.56
DST,Bengals  (39506993),Bengals ,39506993,DST,3600,CIN@CLE 09/07/2025 01:00PM ET,CIN,6.12
WR,Tim Patrick (39506231),Tim Patrick,39506231,WR/FLEX,3600,DET@GB 09/07/2025 04:25PM ET,DET,5.62
WR,John Metchie III (39506227),John Metchie III,39506227,WR/FLEX,3600,HOU@LAR 09/07/2025 04:25PM ET,HOU,4.45
WR,Tutu Atwell (39506229),Tutu Atwell,39506229,WR/FLEX,3600,HOU@LAR 09/07/2025 04:25PM ET,LAR,5.35
WR,Nick Westbrook-Ikhine (39506235),Nick Westbrook-Ikhine,39506235,WR/FLEX,3500,MIA@IND 09/07/2025 01:00PM ET,MIA,8.16
TE,Darren Waller (39506709),Darren Waller,39506709,TE/FLEX,3500,MIA@IND 09/07/2025 01:00PM ET,MIA,0
WR,Greg Dortch (39506237),Greg Dortch,39506237,WR/FLEX,3500,ARI@NO 09/07/2025 01:00PM ET,ARI,5.37
DST,Cardinals  (39506994),Cardinals ,39506994,DST,3500,ARI@NO 09/07/2025 01:00PM ET,ARI,5.88
WR,Luke McCaffrey (39506243),Luke McCaffrey,39506243,WR/FLEX,3500,NYG@WAS 09/07/2025 01:00PM ET,WAS,1.74
WR,Troy Franklin (39506239),Troy Franklin,39506239,WR/FLEX,3500,TEN@DEN 09/07/2025 04:05PM ET,DEN,4.74
WR,Jacob Cowing (39506241),Jacob Cowing,39506241,WR/FLEX,3500,SF@SEA 09/07/2025 04:05PM ET,SF,0.78
TE,Dalton Schultz (39506707),Dalton Schultz,39506707,TE/FLEX,3500,HOU@LAR 09/07/2025 04:25PM ET,HOU,6.99
WR,Robert Woods (39506249),Robert Woods,39506249,WR/FLEX,3400,PIT@NYJ 09/07/2025 01:00PM ET,PIT,2.56
WR,Adonai Mitchell (39506251),Adonai Mitchell,39506251,WR/FLEX,3400,MIA@IND 09/07/2025 01:00PM ET,IND,3.22
WR,Van Jefferson (39506247),Van Jefferson,39506247,WR/FLEX,3400,TEN@DEN 09/07/2025 04:05PM ET,TEN,4.18
WR,Pat Bryant (39506253),Pat Bryant,39506253,WR/FLEX,3400,TEN@DEN 09/07/2025 04:05PM ET,DEN,0
TE,Chig Okonkwo (39506713),Chig Okonkwo,39506713,TE/FLEX,3400,TEN@DEN 09/07/2025 04:05PM ET,TEN,6.74
WR,Dontayvion Wicks (39506245),Dontayvion Wicks,39506245,WR/FLEX,3400,DET@GB 09/07/2025 04:25PM ET,GB,6.47
TE,Tyler Higbee (39506711),Tyler Higbee,39506711,TE/FLEX,3400,HOU@LAR 09/07/2025 04:25PM ET,LAR,11.16
DST,Rams  (39506995),Rams ,39506995,DST,3400,HOU@LAR 09/07/2025 04:25PM ET,LAR,7.84
WR,Kendrick Bourne (39506255),Kendrick Bourne,39506255,WR/FLEX,3300,LV@NE 09/07/2025 01:00PM ET,NE,5.42
WR,Josh Reynolds (39506265),Josh Reynolds,39506265,WR/FLEX,3300,PIT@NYJ 09/07/2025 01:00PM ET,NYJ,4.27
DST,Steelers  (39506996),Steelers ,39506996,DST,3300,PIT@NYJ 09/07/2025 01:00PM ET,PIT,8.11
WR,Zay Jones (39506263),Zay Jones,39506263,WR/FLEX,3300,ARI@NO 09/07/2025 01:00PM ET,ARI,1.49
TE,Juwan Johnson (39506717),Juwan Johnson,39506717,TE/FLEX,3300,ARI@NO 09/07/2025 01:00PM ET,NO,7.22
TE,Brenton Strange (39506715),Brenton Strange,39506715,TE/FLEX,3300,CAR@JAX 09/07/2025 01:00PM ET,JAX,5.42
WR,Xavier Restrepo (39506261),Xavier Restrepo,39506261,WR/FLEX,3300,TEN@DEN 09/07/2025 04:05PM ET,TEN,0
WR,Jordan Watkins (39506259),Jordan Watkins,39506259,WR/FLEX,3300,SF@SEA 09/07/2025 04:05PM ET,SF,0
WR,Savion Williams (39506257),Savion Williams,39506257,WR/FLEX,3300,DET@GB 09/07/2025 04:25PM ET,GB,0
TE,Pat Freiermuth (39506719),Pat Freiermuth,39506719,TE/FLEX,3200,PIT@NYJ 09/07/2025 01:00PM ET,PIT,9.71
WR,KhaDarel Hodge (39506279),KhaDarel Hodge,39506279,WR/FLEX,3200,TB@ATL 09/07/2025 01:00PM ET,ATL,1.54
WR,Malik Washington (39506267),Malik Washington,39506267,WR/FLEX,3200,MIA@IND 09/07/2025 01:00PM ET,MIA,3.99
WR,Michael Gallup (39506277),Michael Gallup,39506277,WR/FLEX,3200,NYG@WAS 09/07/2025 01:00PM ET,WAS,0
WR,Hunter Renfrow (39506275),Hunter Renfrow,39506275,WR/FLEX,3200,CAR@JAX 09/07/2025 01:00PM ET,CAR,0
DST,Jaguars  (39506997),Jaguars ,39506997,DST,3200,CAR@JAX 09/07/2025 01:00PM ET,JAX,4.18
WR,Treylon Burks (39506273),Treylon Burks,39506273,WR/FLEX,3200,TEN@DEN 09/07/2025 04:05PM ET,TEN,1.5
WR,Kalif Raymond (39506271),Kalif Raymond,39506271,WR/FLEX,3200,DET@GB 09/07/2025 04:25PM ET,DET,4.86
WR,Tank Dell (39506269),Tank Dell,39506269,WR/FLEX,3200,HOU@LAR 09/07/2025 04:25PM ET,HOU,10.21
TE,Terrance Ferguson (39506721),Terrance Ferguson,39506721,TE/FLEX,3200,HOU@LAR 09/07/2025 04:25PM ET,LAR,0
WR,Tre Tucker (39506281),Tre Tucker,39506281,WR/FLEX,3100,LV@NE 09/07/2025 01:00PM ET,LV,7.61
WR,Mack Hollins (39506287),Mack Hollins,39506287,WR/FLEX,3100,LV@NE 09/07/2025 01:00PM ET,NE,6.01
DST,Patriots  (39506998),Patriots ,39506998,DST,3100,LV@NE 09/07/2025 01:00PM ET,NE,3.71
TE,Mason Taylor (39506725),Mason Taylor,39506725,TE/FLEX,3100,PIT@NYJ 09/07/2025 01:00PM ET,NYJ,0
WR,Sterling Shepard (39506285),Sterling Shepard,39506285,WR/FLEX,3100,TB@ATL 09/07/2025 01:00PM ET,TB,5.35
WR,Bub Means (39506297),Bub Means,39506297,WR/FLEX,3100,ARI@NO 09/07/2025 01:00PM ET,NO,3.83
WR,Noah Brown (39506295),Noah Brown,39506295,WR/FLEX,3100,NYG@WAS 09/07/2025 01:00PM ET,WAS,7.84
WR,Jermaine Burton (39506293),Jermaine Burton,39506293,WR/FLEX,3100,CIN@CLE 09/07/2025 01:00PM ET,CIN,1.05
TE,Harold Fannin Jr. (39506723),Harold Fannin Jr.,39506723,TE/FLEX,3100,CIN@CLE 09/07/2025 01:00PM ET,CLE,0
WR,Elic Ayomanor (39506291),Elic Ayomanor,39506291,WR/FLEX,3100,TEN@DEN 09/07/2025 04:05PM ET,TEN,0
WR,Isaac TeSlaa (39506289),Isaac TeSlaa,39506289,WR/FLEX,3100,DET@GB 09/07/2025 04:25PM ET,DET,0
WR,Jordan Whittington (39506283),Jordan Whittington,39506283,WR/FLEX,3100,HOU@LAR 09/07/2025 04:25PM ET,LAR,3.22
WR,Donovan Peoples-Jones (39506301),Donovan Peoples-Jones,39506301,WR/FLEX,3000,ARI@NO 09/07/2025 01:00PM ET,NO,0
WR,Quintez Cephus (39506305),Quintez Cephus,39506305,WR/FLEX,3000,HOU@LAR 09/07/2025 04:25PM ET,HOU,0
WR,Isaiah Neyor (39506391),Isaiah Neyor,39506391,WR/FLEX,3000,DET@GB 09/07/2025 04:25PM ET,GB,0
WR,Phillip Dorsett II (39506309),Phillip Dorsett II,39506309,WR/FLEX,3000,LV@NE 09/07/2025 01:00PM ET,LV,0
WR,Seth Williams (39506311),Seth Williams,39506311,WR/FLEX,3000,LV@NE 09/07/2025 01:00PM ET,LV,0
WR,Ja'Lynn Polk (39506653),Ja'Lynn Polk,39506653,WR/FLEX,3000,LV@NE 09/07/2025 01:00PM ET,NE,2.18
WR,Javon Baker (39506655),Javon Baker,39506655,WR/FLEX,3000,LV@NE 09/07/2025 01:00PM ET,NE,0.2
WR,Efton Chism III (39506657),Efton Chism III,39506657,WR/FLEX,3000,LV@NE 09/07/2025 01:00PM ET,NE,0
WR,John Jiles (39506659),John Jiles,39506659,WR/FLEX,3000,LV@NE 09/07/2025 01:00PM ET,NE,0
WR,DeMeer Blankumsee (39506661),DeMeer Blankumsee,39506661,WR/FLEX,3000,LV@NE 09/07/2025 01:00PM ET,NE,0
WR,Jeremiah Webb (39506663),Jeremiah Webb,39506663,WR/FLEX,3000,LV@NE 09/07/2025 01:00PM ET,NE,0
WR,Tommy Mellott (39506665),Tommy Mellott,39506665,WR/FLEX,3000,LV@NE 09/07/2025 01:00PM ET,LV,0
WR,Alex Bachman (39506667),Alex Bachman,39506667,WR/FLEX,3000,LV@NE 09/07/2025 01:00PM ET,LV,1.02
WR,Collin Johnson (39506669),Collin Johnson,39506669,WR/FLEX,3000,LV@NE 09/07/2025 01:00PM ET,LV,0.18
WR,Kyle Philips (39506671),Kyle Philips,39506671,WR/FLEX,3000,LV@NE 09/07/2025 01:00PM ET,LV,0
WR,Shedrick Jackson (39506673),Shedrick Jackson,39506673,WR/FLEX,3000,LV@NE 09/07/2025 01:00PM ET,LV,0
WR,Ketron Jackson Jr. (39506675),Ketron Jackson Jr.,39506675,WR/FLEX,3000,LV@NE 09/07/2025 01:00PM ET,LV,0
TE,Michael Mayer (39506727),Michael Mayer,39506727,TE/FLEX,3000,LV@NE 09/07/2025 01:00PM ET,LV,3.33
WR,Roman Wilson (39506617),Roman Wilson,39506617,WR/FLEX,3000,PIT@NYJ 09/07/2025 01:00PM ET,PIT,0
WR,Scotty Miller (39506619),Scotty Miller,39506619,WR/FLEX,3000,PIT@NYJ 09/07/2025 01:00PM ET,PIT,0.92
WR,Ben Skowronek (39506621),Ben Skowronek,39506621,WR/FLEX,3000,PIT@NYJ 09/07/2025 01:00PM ET,PIT,1.08
WR,Brandon Johnson (39506623),Brandon Johnson,39506623,WR/FLEX,3000,PIT@NYJ 09/07/2025 01:00PM ET,PIT,0.63
WR,Lance McCutcheon (39506625),Lance McCutcheon,39506625,WR/FLEX,3000,PIT@NYJ 09/07/2025 01:00PM ET,PIT,0
WR,Roc Taylor (39506627),Roc Taylor,39506627,WR/FLEX,3000,PIT@NYJ 09/07/2025 01:00PM ET,PIT,0
WR,Ke'Shawn Williams (39506629),Ke'Shawn Williams,39506629,WR/FLEX,3000,PIT@NYJ 09/07/2025 01:00PM ET,PIT,0
WR,Montana Lemonious-Craig (39506631),Montana Lemonious-Craig,39506631,WR/FLEX,3000,PIT@NYJ 09/07/2025 01:00PM ET,PIT,0
WR,Malachi Corley (39506633),Malachi Corley,39506633,WR/FLEX,3000,PIT@NYJ 09/07/2025 01:00PM ET,NYJ,0.69
WR,Arian Smith (39506635),Arian Smith,39506635,WR/FLEX,3000,PIT@NYJ 09/07/2025 01:00PM ET,NYJ,0
WR,Tyler Johnson (39506637),Tyler Johnson,39506637,WR/FLEX,3000,PIT@NYJ 09/07/2025 01:00PM ET,NYJ,4.07
WR,Xavier Gipson (39506639),Xavier Gipson,39506639,WR/FLEX,3000,PIT@NYJ 09/07/2025 01:00PM ET,NYJ,0.91
WR,Irvin Charles (39506641),Irvin Charles,39506641,WR/FLEX,3000,PIT@NYJ 09/07/2025 01:00PM ET,NYJ,0
WR,Brandon Smith (39506643),Brandon Smith,39506643,WR/FLEX,3000,PIT@NYJ 09/07/2025 01:00PM ET,NYJ,0
WR,Ontaria Wilson (39506645),Ontaria Wilson,39506645,WR/FLEX,3000,PIT@NYJ 09/07/2025 01:00PM ET,NYJ,0
WR,Dymere Miller (39506647),Dymere Miller,39506647,WR/FLEX,3000,PIT@NYJ 09/07/2025 01:00PM ET,NYJ,0
WR,Jamaal Pritchett (39506649),Jamaal Pritchett,39506649,WR/FLEX,3000,PIT@NYJ 09/07/2025 01:00PM ET,NYJ,0
WR,Quentin Skinner (39506651),Quentin Skinner,39506651,WR/FLEX,3000,PIT@NYJ 09/07/2025 01:00PM ET,NYJ,0
WR,Trey Palmer (39506585),Trey Palmer,39506585,WR/FLEX,3000,TB@ATL 09/07/2025 01:00PM ET,TB,2.2
WR,Tez Johnson (39506587),Tez Johnson,39506587,WR/FLEX,3000,TB@ATL 09/07/2025 01:00PM ET,TB,0
WR,Ryan Miller (39506589),Ryan Miller,39506589,WR/FLEX,3000,TB@ATL 09/07/2025 01:00PM ET,TB,3.07
WR,Rakim Jarrett (39506591),Rakim Jarrett,39506591,WR/FLEX,3000,TB@ATL 09/07/2025 01:00PM ET,TB,1.94
WR,Kameron Johnson (39506593),Kameron Johnson,39506593,WR/FLEX,3000,TB@ATL 09/07/2025 01:00PM ET,TB,0.22
WR,Dennis Houston (39506595),Dennis Houston,39506595,WR/FLEX,3000,TB@ATL 09/07/2025 01:00PM ET,TB,0
WR,Garrett Greene (39506597),Garrett Greene,39506597,WR/FLEX,3000,TB@ATL 09/07/2025 01:00PM ET,TB,0
WR,Casey Washington (39506599),Casey Washington,39506599,WR/FLEX,3000,TB@ATL 09/07/2025 01:00PM ET,ATL,0.3
WR,Jamal Agnew (39506601),Jamal Agnew,39506601,WR/FLEX,3000,TB@ATL 09/07/2025 01:00PM ET,ATL,0
WR,Chris Blair (39506603),Chris Blair,39506603,WR/FLEX,3000,TB@ATL 09/07/2025 01:00PM ET,ATL,0.68
WR,Dylan Drummond (39506605),Dylan Drummond,39506605,WR/FLEX,3000,TB@ATL 09/07/2025 01:00PM ET,ATL,0
WR,Jesse Matthews (39506607),Jesse Matthews,39506607,WR/FLEX,3000,TB@ATL 09/07/2025 01:00PM ET,ATL,0
WR,David Sills V (39506609),David Sills V,39506609,WR/FLEX,3000,TB@ATL 09/07/2025 01:00PM ET,ATL,0
WR,Nick Nash (39506611),Nick Nash,39506611,WR/FLEX,3000,TB@ATL 09/07/2025 01:00PM ET,ATL,0
WR,Makai Polk (39506613),Makai Polk,39506613,WR/FLEX,3000,TB@ATL 09/07/2025 01:00PM ET,ATL,0
WR,Quincy Skinner Jr. (39506615),Quincy Skinner Jr.,39506615,WR/FLEX,3000,TB@ATL 09/07/2025 01:00PM ET,ATL,0
DST,Buccaneers  (39506999),Buccaneers ,39506999,DST,3000,TB@ATL 09/07/2025 01:00PM ET,TB,5.83
WR,Dee Eskridge (39506551),Dee Eskridge,39506551,WR/FLEX,3000,MIA@IND 09/07/2025 01:00PM ET,MIA,1.23
WR,Erik Ezukanma (39506553),Erik Ezukanma,39506553,WR/FLEX,3000,MIA@IND 09/07/2025 01:00PM ET,MIA,0
WR,Tahj Washington (39506555),Tahj Washington,39506555,WR/FLEX,3000,MIA@IND 09/07/2025 01:00PM ET,MIA,0
WR,Tarik Black (39506557),Tarik Black,39506557,WR/FLEX,3000,MIA@IND 09/07/2025 01:00PM ET,MIA,0
WR,Theo Wease Jr. (39506559),Theo Wease Jr.,39506559,WR/FLEX,3000,MIA@IND 09/07/2025 01:00PM ET,MIA,0
WR,Andrew Armstrong (39506561),Andrew Armstrong,39506561,WR/FLEX,3000,MIA@IND 09/07/2025 01:00PM ET,MIA,0
WR,Monaray Baldwin (39506563),Monaray Baldwin,39506563,WR/FLEX,3000,MIA@IND 09/07/2025 01:00PM ET,MIA,0
WR,A.J. Henning (39506565),A.J. Henning,39506565,WR/FLEX,3000,MIA@IND 09/07/2025 01:00PM ET,MIA,0
WR,Ashton Dulin (39506567),Ashton Dulin,39506567,WR/FLEX,3000,MIA@IND 09/07/2025 01:00PM ET,IND,1.28
WR,Anthony Gould (39506569),Anthony Gould,39506569,WR/FLEX,3000,MIA@IND 09/07/2025 01:00PM ET,IND,0.41
WR,Laquon Treadwell (39506571),Laquon Treadwell,39506571,WR/FLEX,3000,MIA@IND 09/07/2025 01:00PM ET,IND,0
WR,D.J. Montgomery (39506573),D.J. Montgomery,39506573,WR/FLEX,3000,MIA@IND 09/07/2025 01:00PM ET,IND,0
WR,Ajou Ajou (39506575),Ajou Ajou,39506575,WR/FLEX,3000,MIA@IND 09/07/2025 01:00PM ET,IND,0
WR,Blayne Taylor (39506577),Blayne Taylor,39506577,WR/FLEX,3000,MIA@IND 09/07/2025 01:00PM ET,IND,0
WR,Landon Parker (39506579),Landon Parker,39506579,WR/FLEX,3000,MIA@IND 09/07/2025 01:00PM ET,IND,0
WR,Coleman Owen (39506581),Coleman Owen,39506581,WR/FLEX,3000,MIA@IND 09/07/2025 01:00PM ET,IND,0
WR,Tyler Kahmann (39506583),Tyler Kahmann,39506583,WR/FLEX,3000,MIA@IND 09/07/2025 01:00PM ET,IND,0
WR,Cedrick Wilson Jr. (39506323),Cedrick Wilson Jr.,39506323,WR/FLEX,3000,ARI@NO 09/07/2025 01:00PM ET,NO,3.40
WR,Kevin Austin Jr. (39506325),Kevin Austin Jr.,39506325,WR/FLEX,3000,ARI@NO 09/07/2025 01:00PM ET,NO,3.38
WR,Simi Fehoko (39506529),Simi Fehoko,39506529,WR/FLEX,3000,ARI@NO 09/07/2025 01:00PM ET,ARI,1.84
WR,Xavier Weaver (39506531),Xavier Weaver,39506531,WR/FLEX,3000,ARI@NO 09/07/2025 01:00PM ET,ARI,0
WR,Andre Baccellia (39506533),Andre Baccellia,39506533,WR/FLEX,3000,ARI@NO 09/07/2025 01:00PM ET,ARI,0
WR,Tejhaun Palmer (39506535),Tejhaun Palmer,39506535,WR/FLEX,3000,ARI@NO 09/07/2025 01:00PM ET,ARI,0
WR,Quez Watkins (39506537),Quez Watkins,39506537,WR/FLEX,3000,ARI@NO 09/07/2025 01:00PM ET,ARI,0
WR,Trishton Jackson (39506539),Trishton Jackson,39506539,WR/FLEX,3000,ARI@NO 09/07/2025 01:00PM ET,ARI,0
WR,Bryson Green (39506541),Bryson Green,39506541,WR/FLEX,3000,ARI@NO 09/07/2025 01:00PM ET,ARI,0
WR,Dante Pettis (39506543),Dante Pettis,39506543,WR/FLEX,3000,ARI@NO 09/07/2025 01:00PM ET,NO,4
WR,Mason Tipton (39506545),Mason Tipton,39506545,WR/FLEX,3000,ARI@NO 09/07/2025 01:00PM ET,NO,2.17
WR,Moochie Dixon (39506547),Moochie Dixon,39506547,WR/FLEX,3000,ARI@NO 09/07/2025 01:00PM ET,NO,0
WR,Chris Tyree (39506549),Chris Tyree,39506549,WR/FLEX,3000,ARI@NO 09/07/2025 01:00PM ET,NO,0
WR,Tay Martin (39506307),Tay Martin,39506307,WR/FLEX,3000,NYG@WAS 09/07/2025 01:00PM ET,WAS,11.9
WR,K.J. Osborn (39506497),K.J. Osborn,39506497,WR/FLEX,3000,NYG@WAS 09/07/2025 01:00PM ET,WAS,2.34
WR,Chris Moore (39506499),Chris Moore,39506499,WR/FLEX,3000,NYG@WAS 09/07/2025 01:00PM ET,WAS,0
WR,Mike Strachan (39506501),Mike Strachan,39506501,WR/FLEX,3000,NYG@WAS 09/07/2025 01:00PM ET,WAS,0
WR,Ja'Corey Brooks (39506503),Ja'Corey Brooks,39506503,WR/FLEX,3000,NYG@WAS 09/07/2025 01:00PM ET,WAS,0
WR,Jacoby Jones (39506505),Jacoby Jones,39506505,WR/FLEX,3000,NYG@WAS 09/07/2025 01:00PM ET,WAS,0
WR,Jalin Hyatt (39506507),Jalin Hyatt,39506507,WR/FLEX,3000,NYG@WAS 09/07/2025 01:00PM ET,NYG,0.89
WR,Lil'Jordan Humphrey (39506509),Lil'Jordan Humphrey,39506509,WR/FLEX,3000,NYG@WAS 09/07/2025 01:00PM ET,NYG,3.63
WR,Zach Pascal (39506511),Zach Pascal,39506511,WR/FLEX,3000,NYG@WAS 09/07/2025 01:00PM ET,NYG,0
WR,Ihmir Smith-Marsette (39506513),Ihmir Smith-Marsette,39506513,WR/FLEX,3000,NYG@WAS 09/07/2025 01:00PM ET,NYG,0.4
WR,Bryce Ford-Wheaton (39506515),Bryce Ford-Wheaton,39506515,WR/FLEX,3000,NYG@WAS 09/07/2025 01:00PM ET,NYG,0
WR,Montrell Washington (39506517),Montrell Washington,39506517,WR/FLEX,3000,NYG@WAS 09/07/2025 01:00PM ET,NYG,0
WR,Da'Quan Felton (39506519),Da'Quan Felton,39506519,WR/FLEX,3000,NYG@WAS 09/07/2025 01:00PM ET,NYG,0
WR,Beaux Collins (39506521),Beaux Collins,39506521,WR/FLEX,3000,NYG@WAS 09/07/2025 01:00PM ET,NYG,0
WR,Juice Wells Jr. (39506523),Juice Wells Jr.,39506523,WR/FLEX,3000,NYG@WAS 09/07/2025 01:00PM ET,NYG,0
WR,Jordan Bly (39506525),Jordan Bly,39506525,WR/FLEX,3000,NYG@WAS 09/07/2025 01:00PM ET,NYG,0
WR,Dalen Cambre (39506527),Dalen Cambre,39506527,WR/FLEX,3000,NYG@WAS 09/07/2025 01:00PM ET,NYG,0
TE,Theo Johnson (39506729),Theo Johnson,39506729,TE/FLEX,3000,NYG@WAS 09/07/2025 01:00PM ET,NYG,5.68
WR,David Moore (39506315),David Moore,39506315,WR/FLEX,3000,CAR@JAX 09/07/2025 01:00PM ET,CAR,5.01
WR,Joshua Cephus (39506465),Joshua Cephus,39506465,WR/FLEX,3000,CAR@JAX 09/07/2025 01:00PM ET,JAX,0
WR,Austin Trammell (39506467),Austin Trammell,39506467,WR/FLEX,3000,CAR@JAX 09/07/2025 01:00PM ET,JAX,5
WR,Trenton Irwin (39506469),Trenton Irwin,39506469,WR/FLEX,3000,CAR@JAX 09/07/2025 01:00PM ET,JAX,0.64
WR,Louis Rees-Zammit (39506471),Louis Rees-Zammit,39506471,WR/FLEX,3000,CAR@JAX 09/07/2025 01:00PM ET,JAX,0
WR,Chandler Brayboy (39506473),Chandler Brayboy,39506473,WR/FLEX,3000,CAR@JAX 09/07/2025 01:00PM ET,JAX,0
WR,Eli Pancol (39506475),Eli Pancol,39506475,WR/FLEX,3000,CAR@JAX 09/07/2025 01:00PM ET,JAX,0
WR,Cam Camper (39506477),Cam Camper,39506477,WR/FLEX,3000,CAR@JAX 09/07/2025 01:00PM ET,JAX,0
WR,Dorian Singer (39506479),Dorian Singer,39506479,WR/FLEX,3000,CAR@JAX 09/07/2025 01:00PM ET,JAX,0
WR,Darius Lassiter (39506481),Darius Lassiter,39506481,WR/FLEX,3000,CAR@JAX 09/07/2025 01:00PM ET,JAX,0
WR,J.J. Jones (39506483),J.J. Jones,39506483,WR/FLEX,3000,CAR@JAX 09/07/2025 01:00PM ET,JAX,0
WR,Jimmy Horn Jr. (39506485),Jimmy Horn Jr.,39506485,WR/FLEX,3000,CAR@JAX 09/07/2025 01:00PM ET,CAR,0
WR,Dan Chisena (39506487),Dan Chisena,39506487,WR/FLEX,3000,CAR@JAX 09/07/2025 01:00PM ET,CAR,1.12
WR,Brycen Tremayne (39506489),Brycen Tremayne,39506489,WR/FLEX,3000,CAR@JAX 09/07/2025 01:00PM ET,CAR,0.4
WR,T.J. Luther (39506491),T.J. Luther,39506491,WR/FLEX,3000,CAR@JAX 09/07/2025 01:00PM ET,CAR,0
WR,Kobe Hudson (39506493),Kobe Hudson,39506493,WR/FLEX,3000,CAR@JAX 09/07/2025 01:00PM ET,CAR,0
WR,Jacolby George (39506495),Jacolby George,39506495,WR/FLEX,3000,CAR@JAX 09/07/2025 01:00PM ET,CAR,0
WR,David Bell (39506431),David Bell,39506431,WR/FLEX,3000,CIN@CLE 09/07/2025 01:00PM ET,CLE,5.7
WR,Jamari Thrash (39506433),Jamari Thrash,39506433,WR/FLEX,3000,CIN@CLE 09/07/2025 01:00PM ET,CLE,0.58
WR,Michael Woods II (39506435),Michael Woods II,39506435,WR/FLEX,3000,CIN@CLE 09/07/2025 01:00PM ET,CLE,2.7
WR,DeAndre Carter (39506437),DeAndre Carter,39506437,WR/FLEX,3000,CIN@CLE 09/07/2025 01:00PM ET,CLE,1.17
WR,Kaden Davis (39506439),Kaden Davis,39506439,WR/FLEX,3000,CIN@CLE 09/07/2025 01:00PM ET,CLE,0
WR,Luke Floriea (39506441),Luke Floriea,39506441,WR/FLEX,3000,CIN@CLE 09/07/2025 01:00PM ET,CLE,0
WR,Gage Larvadain (39506443),Gage Larvadain,39506443,WR/FLEX,3000,CIN@CLE 09/07/2025 01:00PM ET,CLE,0
WR,Kisean Johnson (39506445),Kisean Johnson,39506445,WR/FLEX,3000,CIN@CLE 09/07/2025 01:00PM ET,CLE,0
WR,Cade McDonald (39506447),Cade McDonald,39506447,WR/FLEX,3000,CIN@CLE 09/07/2025 01:00PM ET,CLE,0
WR,Charlie Jones (39506449),Charlie Jones,39506449,WR/FLEX,3000,CIN@CLE 09/07/2025 01:00PM ET,CIN,0.81
WR,Kendric Pryor (39506451),Kendric Pryor,39506451,WR/FLEX,3000,CIN@CLE 09/07/2025 01:00PM ET,CIN,0.95
WR,Isaiah Williams (39506453),Isaiah Williams,39506453,WR/FLEX,3000,CIN@CLE 09/07/2025 01:00PM ET,CIN,0.32
WR,Cole Burgess (39506455),Cole Burgess,39506455,WR/FLEX,3000,CIN@CLE 09/07/2025 01:00PM ET,CIN,0
WR,Mitchell Tinsley (39506457),Mitchell Tinsley,39506457,WR/FLEX,3000,CIN@CLE 09/07/2025 01:00PM ET,CIN,0
WR,Rashod Owens (39506459),Rashod Owens,39506459,WR/FLEX,3000,CIN@CLE 09/07/2025 01:00PM ET,CIN,0
WR,Jordan Moore (39506461),Jordan Moore,39506461,WR/FLEX,3000,CIN@CLE 09/07/2025 01:00PM ET,CIN,0
WR,Jamoi Mayes (39506463),Jamoi Mayes,39506463,WR/FLEX,3000,CIN@CLE 09/07/2025 01:00PM ET,CIN,0
WR,Chimere Dike (39506403),Chimere Dike,39506403,WR/FLEX,3000,TEN@DEN 09/07/2025 04:05PM ET,TEN,0
WR,Mason Kinsey (39506405),Mason Kinsey,39506405,WR/FLEX,3000,TEN@DEN 09/07/2025 04:05PM ET,TEN,0.62
WR,James Proche II (39506407),James Proche II,39506407,WR/FLEX,3000,TEN@DEN 09/07/2025 04:05PM ET,TEN,0.46
WR,Jha'Quan Jackson (39506409),Jha'Quan Jackson,39506409,WR/FLEX,3000,TEN@DEN 09/07/2025 04:05PM ET,TEN,-0.06
WR,Colton Dowell (39506411),Colton Dowell,39506411,WR/FLEX,3000,TEN@DEN 09/07/2025 04:05PM ET,TEN,0
WR,Bryce Oliver (39506413),Bryce Oliver,39506413,WR/FLEX,3000,TEN@DEN 09/07/2025 04:05PM ET,TEN,1.55
WR,TJ Sheffield (39506415),TJ Sheffield,39506415,WR/FLEX,3000,TEN@DEN 09/07/2025 04:05PM ET,TEN,0
WR,Trent Sherfield Sr. (39506417),Trent Sherfield Sr.,39506417,WR/FLEX,3000,TEN@DEN 09/07/2025 04:05PM ET,DEN,1.39
WR,A.T. Perry (39506419),A.T. Perry,39506419,WR/FLEX,3000,TEN@DEN 09/07/2025 04:05PM ET,DEN,0
WR,Michael Bandy (39506421),Michael Bandy,39506421,WR/FLEX,3000,TEN@DEN 09/07/2025 04:05PM ET,DEN,0
WR,Joaquin Davis (39506423),Joaquin Davis,39506423,WR/FLEX,3000,TEN@DEN 09/07/2025 04:05PM ET,DEN,0
WR,Courtney Jackson (39506425),Courtney Jackson,39506425,WR/FLEX,3000,TEN@DEN 09/07/2025 04:05PM ET,DEN,0
WR,Jerjuan Newton (39506427),Jerjuan Newton,39506427,WR/FLEX,3000,TEN@DEN 09/07/2025 04:05PM ET,DEN,0
WR,Kyrese Rowan (39506429),Kyrese Rowan,39506429,WR/FLEX,3000,TEN@DEN 09/07/2025 04:05PM ET,DEN,0
WR,Equanimeous St. Brown (39506303),Equanimeous St. Brown,39506303,WR/FLEX,3000,SF@SEA 09/07/2025 04:05PM ET,SF,0
WR,John Rhys Plumlee (39506317),John Rhys Plumlee,39506317,WR/FLEX,3000,SF@SEA 09/07/2025 04:05PM ET,SEA,0
WR,Tory Horton (39506373),Tory Horton,39506373,WR/FLEX,3000,SF@SEA 09/07/2025 04:05PM ET,SEA,0
WR,Jake Bobo (39506375),Jake Bobo,39506375,WR/FLEX,3000,SF@SEA 09/07/2025 04:05PM ET,SEA,1.75
WR,Ricky White III (39506377),Ricky White III,39506377,WR/FLEX,3000,SF@SEA 09/07/2025 04:05PM ET,SEA,0
WR,Steven Sims (39506379),Steven Sims,39506379,WR/FLEX,3000,SF@SEA 09/07/2025 04:05PM ET,SEA,0.17
WR,Dareke Young (39506381),Dareke Young,39506381,WR/FLEX,3000,SF@SEA 09/07/2025 04:05PM ET,SEA,0
WR,Cody White (39506383),Cody White,39506383,WR/FLEX,3000,SF@SEA 09/07/2025 04:05PM ET,SEA,1.6
WR,Tyrone Broden (39506385),Tyrone Broden,39506385,WR/FLEX,3000,SF@SEA 09/07/2025 04:05PM ET,SEA,0
WR,Montorie Foster Jr. (39506387),Montorie Foster Jr.,39506387,WR/FLEX,3000,SF@SEA 09/07/2025 04:05PM ET,SEA,0
WR,Junior Bergen (39506389),Junior Bergen,39506389,WR/FLEX,3000,SF@SEA 09/07/2025 04:05PM ET,SF,0
WR,Russell Gage Jr. (39506393),Russell Gage Jr.,39506393,WR/FLEX,3000,SF@SEA 09/07/2025 04:05PM ET,SF,0
WR,Terique Owens (39506395),Terique Owens,39506395,WR/FLEX,3000,SF@SEA 09/07/2025 04:05PM ET,SF,0
WR,Isaiah Hodgins (39506397),Isaiah Hodgins,39506397,WR/FLEX,3000,SF@SEA 09/07/2025 04:05PM ET,SF,1.07
WR,Malik Knowles (39506399),Malik Knowles,39506399,WR/FLEX,3000,SF@SEA 09/07/2025 04:05PM ET,SF,0
WR,Trent Taylor (39506401),Trent Taylor,39506401,WR/FLEX,3000,SF@SEA 09/07/2025 04:05PM ET,SF,1.05
WR,Will Sheppard (39506299),Will Sheppard,39506299,WR/FLEX,3000,DET@GB 09/07/2025 04:25PM ET,GB,0
WR,Malik Heath (39506313),Malik Heath,39506313,WR/FLEX,3000,DET@GB 09/07/2025 04:25PM ET,GB,2.26
WR,Bo Melton (39506321),Bo Melton,39506321,WR/FLEX,3000,DET@GB 09/07/2025 04:25PM ET,GB,1.39
WR,Mecole Hardman (39506353),Mecole Hardman,39506353,WR/FLEX,3000,DET@GB 09/07/2025 04:25PM ET,GB,2.77
WR,Julian Hicks (39506355),Julian Hicks,39506355,WR/FLEX,3000,DET@GB 09/07/2025 04:25PM ET,GB,0
WR,Cornelius Johnson (39506357),Cornelius Johnson,39506357,WR/FLEX,3000,DET@GB 09/07/2025 04:25PM ET,GB,0
WR,Sam Brown Jr. (39506359),Sam Brown Jr.,39506359,WR/FLEX,3000,DET@GB 09/07/2025 04:25PM ET,GB,0
WR,Dominic Lovett (39506361),Dominic Lovett,39506361,WR/FLEX,3000,DET@GB 09/07/2025 04:25PM ET,DET,0
WR,Tom Kennedy (39506363),Tom Kennedy,39506363,WR/FLEX,3000,DET@GB 09/07/2025 04:25PM ET,DET,0
WR,Ronnie Bell (39506365),Ronnie Bell,39506365,WR/FLEX,3000,DET@GB 09/07/2025 04:25PM ET,DET,0.47
WR,Malik Taylor (39506367),Malik Taylor,39506367,WR/FLEX,3000,DET@GB 09/07/2025 04:25PM ET,DET,0
WR,Jackson Meeks (39506369),Jackson Meeks,39506369,WR/FLEX,3000,DET@GB 09/07/2025 04:25PM ET,DET,0
WR,Jakobie Keeney-James (39506371),Jakobie Keeney-James,39506371,WR/FLEX,3000,DET@GB 09/07/2025 04:25PM ET,DET,0
WR,Xavier Hutchinson (39506319),Xavier Hutchinson,39506319,WR/FLEX,3000,HOU@LAR 09/07/2025 04:25PM ET,HOU,2.07
WR,Konata Mumpfield (39506327),Konata Mumpfield,39506327,WR/FLEX,3000,HOU@LAR 09/07/2025 04:25PM ET,LAR,0
WR,Xavier Smith (39506329),Xavier Smith,39506329,WR/FLEX,3000,HOU@LAR 09/07/2025 04:25PM ET,LAR,0.36
WR,Britain Covey (39506331),Britain Covey,39506331,WR/FLEX,3000,HOU@LAR 09/07/2025 04:25PM ET,LAR,2.08
WR,Tru Edwards (39506333),Tru Edwards,39506333,WR/FLEX,3000,HOU@LAR 09/07/2025 04:25PM ET,LAR,0
WR,Brennan Presley (39506335),Brennan Presley,39506335,WR/FLEX,3000,HOU@LAR 09/07/2025 04:25PM ET,LAR,0
WR,Mario Williams (39506337),Mario Williams,39506337,WR/FLEX,3000,HOU@LAR 09/07/2025 04:25PM ET,LAR,0
WR,Drake Stoops (39506339),Drake Stoops,39506339,WR/FLEX,3000,HOU@LAR 09/07/2025 04:25PM ET,LAR,0
WR,Justin Watson (39506341),Justin Watson,39506341,WR/FLEX,3000,HOU@LAR 09/07/2025 04:25PM ET,HOU,3.34
WR,Braxton Berrios (39506343),Braxton Berrios,39506343,WR/FLEX,3000,HOU@LAR 09/07/2025 04:25PM ET,HOU,0
WR,Jared Wayne (39506345),Jared Wayne,39506345,WR/FLEX,3000,HOU@LAR 09/07/2025 04:25PM ET,HOU,0
WR,Johnny Johnson III (39506347),Johnny Johnson III,39506347,WR/FLEX,3000,HOU@LAR 09/07/2025 04:25PM ET,HOU,0
WR,Xavier Johnson (39506349),Xavier Johnson,39506349,WR/FLEX,3000,HOU@LAR 09/07/2025 04:25PM ET,HOU,0
WR,Daniel Jackson (39506351),Daniel Jackson,39506351,WR/FLEX,3000,HOU@LAR 09/07/2025 04:25PM ET,HOU,0
TE,Austin Hooper (39506731),Austin Hooper,39506731,TE/FLEX,2900,LV@NE 09/07/2025 01:00PM ET,NE,6.45
TE,Ja'Tavion Sanders (39506733),Ja'Tavion Sanders,39506733,TE/FLEX,2900,CAR@JAX 09/07/2025 01:00PM ET,CAR,4.58
DST,49ers  (39507000),49ers ,39507000,DST,2900,SF@SEA 09/07/2025 04:05PM ET,SF,4.94
DST,Packers  (39507001),Packers ,39507001,DST,2900,DET@GB 09/07/2025 04:25PM ET,GB,8.33
DST,Jets  (39507003),Jets ,39507003,DST,2800,PIT@NYJ 09/07/2025 01:00PM ET,NYJ,5.59
DST,Colts  (39507002),Colts ,39507002,DST,2800,MIA@IND 09/07/2025 01:00PM ET,IND,5.35
TE,Adam Trautman (39506739),Adam Trautman,39506739,TE/FLEX,2800,TEN@DEN 09/07/2025 04:05PM ET,DEN,2.5
TE,AJ Barner (39506735),AJ Barner,39506735,TE/FLEX,2800,SF@SEA 09/07/2025 04:05PM ET,SEA,4.62
TE,Luke Musgrave (39506737),Luke Musgrave,39506737,TE/FLEX,2800,DET@GB 09/07/2025 04:25PM ET,GB,1.44
TE,Julian Hill (39506745),Julian Hill,39506745,TE/FLEX,2700,MIA@IND 09/07/2025 01:00PM ET,MIA,1.38
DST,Dolphins  (39507004),Dolphins ,39507004,DST,2700,MIA@IND 09/07/2025 01:00PM ET,MIA,4.94
TE,Foster Moreau (39506741),Foster Moreau,39506741,TE/FLEX,2700,ARI@NO 09/07/2025 01:00PM ET,NO,6.08
TE,Elijah Arroyo (39506743),Elijah Arroyo,39506743,TE/FLEX,2700,SF@SEA 09/07/2025 04:05PM ET,SEA,0
DST,Lions  (39507005),Lions ,39507005,DST,2700,DET@GB 09/07/2025 04:25PM ET,DET,6.61
DST,Raiders  (39507006),Raiders ,39507006,DST,2600,LV@NE 09/07/2025 01:00PM ET,LV,4.18
TE,Payne Durham (39506747),Payne Durham,39506747,TE/FLEX,2600,TB@ATL 09/07/2025 01:00PM ET,TB,2.03
DST,Falcons  (39507007),Falcons ,39507007,DST,2600,TB@ATL 09/07/2025 01:00PM ET,ATL,5.71
TE,Gunnar Helm (39506751),Gunnar Helm,39506751,TE/FLEX,2600,TEN@DEN 09/07/2025 04:05PM ET,TEN,0
TE,Cade Stover (39506749),Cade Stover,39506749,TE/FLEX,2600,HOU@LAR 09/07/2025 04:25PM ET,HOU,2.57
TE,Mason Pline (39506811),Mason Pline,39506811,TE/FLEX,2500,ARI@NO 09/07/2025 01:00PM ET,NO,0
TE,Albert Okwuegbunam Jr. (39506935),Albert Okwuegbunam Jr.,39506935,TE/FLEX,2500,LV@NE 09/07/2025 01:00PM ET,LV,0
TE,Jaheim Bell (39506973),Jaheim Bell,39506973,TE/FLEX,2500,LV@NE 09/07/2025 01:00PM ET,NE,0.27
TE,Jack Westover (39506975),Jack Westover,39506975,TE/FLEX,2500,LV@NE 09/07/2025 01:00PM ET,NE,0
TE,CJ Dippre (39506977),CJ Dippre,39506977,TE/FLEX,2500,LV@NE 09/07/2025 01:00PM ET,NE,0
TE,Gee Scott Jr. (39506979),Gee Scott Jr.,39506979,TE/FLEX,2500,LV@NE 09/07/2025 01:00PM ET,NE,0
TE,Ian Thomas (39506981),Ian Thomas,39506981,TE/FLEX,2500,LV@NE 09/07/2025 01:00PM ET,LV,0.74
TE,Justin Shorter (39506983),Justin Shorter,39506983,TE/FLEX,2500,LV@NE 09/07/2025 01:00PM ET,LV,0
TE,Qadir Ismail (39506985),Qadir Ismail,39506985,TE/FLEX,2500,LV@NE 09/07/2025 01:00PM ET,LV,0
TE,Carter Runyon (39506987),Carter Runyon,39506987,TE/FLEX,2500,LV@NE 09/07/2025 01:00PM ET,LV,0
TE,Pat Conroy (39506989),Pat Conroy,39506989,TE/FLEX,2500,LV@NE 09/07/2025 01:00PM ET,LV,0
TE,Stone Smartt (39506759),Stone Smartt,39506759,TE/FLEX,2500,PIT@NYJ 09/07/2025 01:00PM ET,NYJ,2.24
TE,Darnell Washington (39506957),Darnell Washington,39506957,TE/FLEX,2500,PIT@NYJ 09/07/2025 01:00PM ET,PIT,2.61
TE,Connor Heyward (39506959),Connor Heyward,39506959,TE/FLEX,2500,PIT@NYJ 09/07/2025 01:00PM ET,PIT,0.89
TE,JJ Galbreath (39506961),JJ Galbreath,39506961,TE/FLEX,2500,PIT@NYJ 09/07/2025 01:00PM ET,PIT,0
TE,Donald Parham Jr. (39506963),Donald Parham Jr.,39506963,TE/FLEX,2500,PIT@NYJ 09/07/2025 01:00PM ET,PIT,0
TE,DJ Thomas-Jones (39506965),DJ Thomas-Jones,39506965,TE/FLEX,2500,PIT@NYJ 09/07/2025 01:00PM ET,PIT,0
TE,Jeremy Ruckert (39506967),Jeremy Ruckert,39506967,TE/FLEX,2500,PIT@NYJ 09/07/2025 01:00PM ET,NYJ,1.68
TE,Zack Kuntz (39506969),Zack Kuntz,39506969,TE/FLEX,2500,PIT@NYJ 09/07/2025 01:00PM ET,NYJ,0
TE,Neal Johnson (39506971),Neal Johnson,39506971,TE/FLEX,2500,PIT@NYJ 09/07/2025 01:00PM ET,NYJ,0
TE,Devin Culp (39506765),Devin Culp,39506765,TE/FLEX,2500,TB@ATL 09/07/2025 01:00PM ET,TB,2.76
TE,Ko Kieft (39506941),Ko Kieft,39506941,TE/FLEX,2500,TB@ATL 09/07/2025 01:00PM ET,TB,0
TE,Tanner Taula (39506943),Tanner Taula,39506943,TE/FLEX,2500,TB@ATL 09/07/2025 01:00PM ET,TB,0
TE,Evan Deckers (39506945),Evan Deckers,39506945,TE/FLEX,2500,TB@ATL 09/07/2025 01:00PM ET,TB,0
TE,Charlie Woerner (39506947),Charlie Woerner,39506947,TE/FLEX,2500,TB@ATL 09/07/2025 01:00PM ET,ATL,0.72
TE,Feleipe Franks (39506949),Feleipe Franks,39506949,TE/FLEX,2500,TB@ATL 09/07/2025 01:00PM ET,ATL,0.14
TE,Teagan Quitoriano (39506951),Teagan Quitoriano,39506951,TE/FLEX,2500,TB@ATL 09/07/2025 01:00PM ET,ATL,0
TE,Nikola Kalinic (39506953),Nikola Kalinic,39506953,TE/FLEX,2500,TB@ATL 09/07/2025 01:00PM ET,ATL,0
TE,Joshua Simon (39506955),Joshua Simon,39506955,TE/FLEX,2500,TB@ATL 09/07/2025 01:00PM ET,ATL,0
TE,Pharaoh Brown (39506919),Pharaoh Brown,39506919,TE/FLEX,2500,MIA@IND 09/07/2025 01:00PM ET,MIA,0.9
TE,Tanner Conner (39506921),Tanner Conner,39506921,TE/FLEX,2500,MIA@IND 09/07/2025 01:00PM ET,MIA,0.58
TE,Hayden Rucci (39506923),Hayden Rucci,39506923,TE/FLEX,2500,MIA@IND 09/07/2025 01:00PM ET,MIA,0
TE,Jalin Conyers (39506925),Jalin Conyers,39506925,TE/FLEX,2500,MIA@IND 09/07/2025 01:00PM ET,MIA,0
TE,Mo Alie-Cox (39506927),Mo Alie-Cox,39506927,TE/FLEX,2500,MIA@IND 09/07/2025 01:00PM ET,IND,1.92
TE,Drew Ogletree (39506929),Drew Ogletree,39506929,TE/FLEX,2500,MIA@IND 09/07/2025 01:00PM ET,IND,1.52
TE,Jelani Woods (39506931),Jelani Woods,39506931,TE/FLEX,2500,MIA@IND 09/07/2025 01:00PM ET,IND,0
TE,Will Mallory (39506933),Will Mallory,39506933,TE/FLEX,2500,MIA@IND 09/07/2025 01:00PM ET,IND,0.69
TE,Sean McKeon (39506937),Sean McKeon,39506937,TE/FLEX,2500,MIA@IND 09/07/2025 01:00PM ET,IND,0
TE,Maximilian Mang (39506939),Maximilian Mang,39506939,TE/FLEX,2500,MIA@IND 09/07/2025 01:00PM ET,IND,0
TE,Tip Reiman (39506897),Tip Reiman,39506897,TE/FLEX,2500,ARI@NO 09/07/2025 01:00PM ET,ARI,0.57
TE,Elijah Higgins (39506899),Elijah Higgins,39506899,TE/FLEX,2500,ARI@NO 09/07/2025 01:00PM ET,ARI,2.89
TE,Josiah Deguara (39506901),Josiah Deguara,39506901,TE/FLEX,2500,ARI@NO 09/07/2025 01:00PM ET,ARI,0.29
TE,Travis Vokolek (39506903),Travis Vokolek,39506903,TE/FLEX,2500,ARI@NO 09/07/2025 01:00PM ET,ARI,0
TE,Oscar Cardenas (39506905),Oscar Cardenas,39506905,TE/FLEX,2500,ARI@NO 09/07/2025 01:00PM ET,ARI,0
TE,Jack Stoll (39506907),Jack Stoll,39506907,TE/FLEX,2500,ARI@NO 09/07/2025 01:00PM ET,NO,0.27
TE,Moliki Matavao (39506909),Moliki Matavao,39506909,TE/FLEX,2500,ARI@NO 09/07/2025 01:00PM ET,NO,0
TE,Michael Jacobson (39506911),Michael Jacobson,39506911,TE/FLEX,2500,ARI@NO 09/07/2025 01:00PM ET,NO,0
TE,Seth Green (39506913),Seth Green,39506913,TE/FLEX,2500,ARI@NO 09/07/2025 01:00PM ET,NO,0
TE,Treyton Welch (39506915),Treyton Welch,39506915,TE/FLEX,2500,ARI@NO 09/07/2025 01:00PM ET,NO,0
TE,Zach Wood (39506917),Zach Wood,39506917,TE/FLEX,2500,ARI@NO 09/07/2025 01:00PM ET,NO,0
TE,John Bates (39506873),John Bates,39506873,TE/FLEX,2500,NYG@WAS 09/07/2025 01:00PM ET,WAS,1.08
TE,Ben Sinnott (39506875),Ben Sinnott,39506875,TE/FLEX,2500,NYG@WAS 09/07/2025 01:00PM ET,WAS,0.86
TE,Colson Yankoff (39506877),Colson Yankoff,39506877,TE/FLEX,2500,NYG@WAS 09/07/2025 01:00PM ET,WAS,0
TE,Tyree Jackson (39506879),Tyree Jackson,39506879,TE/FLEX,2500,NYG@WAS 09/07/2025 01:00PM ET,WAS,0
TE,Lawrence Cager (39506881),Lawrence Cager,39506881,TE/FLEX,2500,NYG@WAS 09/07/2025 01:00PM ET,WAS,0
TE,Cole Turner (39506883),Cole Turner,39506883,TE/FLEX,2500,NYG@WAS 09/07/2025 01:00PM ET,WAS,0
TE,Tyler Ott (39506885),Tyler Ott,39506885,TE/FLEX,2500,NYG@WAS 09/07/2025 01:00PM ET,WAS,0
TE,Daniel Bellinger (39506887),Daniel Bellinger,39506887,TE/FLEX,2500,NYG@WAS 09/07/2025 01:00PM ET,NYG,1.56
TE,Chris Manhertz (39506889),Chris Manhertz,39506889,TE/FLEX,2500,NYG@WAS 09/07/2025 01:00PM ET,NYG,0.71
TE,Greg Dulcich (39506891),Greg Dulcich,39506891,TE/FLEX,2500,NYG@WAS 09/07/2025 01:00PM ET,NYG,0.87
TE,Thomas Fidone II (39506893),Thomas Fidone II,39506893,TE/FLEX,2500,NYG@WAS 09/07/2025 01:00PM ET,NYG,0
TE,Jermaine Terry II (39506895),Jermaine Terry II,39506895,TE/FLEX,2500,NYG@WAS 09/07/2025 01:00PM ET,NYG,0
TE,Tyler Mabry (39506753),Tyler Mabry,39506753,TE/FLEX,2500,CAR@JAX 09/07/2025 01:00PM ET,CAR,0
TE,Tommy Tremble (39506757),Tommy Tremble,39506757,TE/FLEX,2500,CAR@JAX 09/07/2025 01:00PM ET,CAR,4.78
TE,Hunter Long (39506763),Hunter Long,39506763,TE/FLEX,2500,CAR@JAX 09/07/2025 01:00PM ET,JAX,0.80
TE,Johnny Mundt (39506855),Johnny Mundt,39506855,TE/FLEX,2500,CAR@JAX 09/07/2025 01:00PM ET,JAX,2.78
TE,Quintin Morris (39506857),Quintin Morris,39506857,TE/FLEX,2500,CAR@JAX 09/07/2025 01:00PM ET,JAX,0.77
TE,Shawn Bowman (39506859),Shawn Bowman,39506859,TE/FLEX,2500,CAR@JAX 09/07/2025 01:00PM ET,JAX,0
TE,Patrick Herbert (39506861),Patrick Herbert,39506861,TE/FLEX,2500,CAR@JAX 09/07/2025 01:00PM ET,JAX,0
TE,John Copenhaver (39506863),John Copenhaver,39506863,TE/FLEX,2500,CAR@JAX 09/07/2025 01:00PM ET,JAX,0
TE,Mitchell Evans (39506865),Mitchell Evans,39506865,TE/FLEX,2500,CAR@JAX 09/07/2025 01:00PM ET,CAR,0
TE,Dominique Dafney (39506867),Dominique Dafney,39506867,TE/FLEX,2500,CAR@JAX 09/07/2025 01:00PM ET,CAR,0
TE,James Mitchell (39506869),James Mitchell,39506869,TE/FLEX,2500,CAR@JAX 09/07/2025 01:00PM ET,CAR,0
TE,Bryce Pierre (39506871),Bryce Pierre,39506871,TE/FLEX,2500,CAR@JAX 09/07/2025 01:00PM ET,CAR,0
TE,Blake Whiteheart (39506831),Blake Whiteheart,39506831,TE/FLEX,2500,CIN@CLE 09/07/2025 01:00PM ET,CLE,1.56
TE,Brenden Bates (39506833),Brenden Bates,39506833,TE/FLEX,2500,CIN@CLE 09/07/2025 01:00PM ET,CLE,0
TE,Sal Cannella (39506835),Sal Cannella,39506835,TE/FLEX,2500,CIN@CLE 09/07/2025 01:00PM ET,CLE,0
TE,Brent Matiscik (39506837),Brent Matiscik,39506837,TE/FLEX,2500,CIN@CLE 09/07/2025 01:00PM ET,CLE,0
TE,Drew Sample (39506839),Drew Sample,39506839,TE/FLEX,2500,CIN@CLE 09/07/2025 01:00PM ET,CIN,2.15
TE,Erick All Jr. (39506841),Erick All Jr.,39506841,TE/FLEX,2500,CIN@CLE 09/07/2025 01:00PM ET,CIN,3.98
TE,Tanner Hudson (39506843),Tanner Hudson,39506843,TE/FLEX,2500,CIN@CLE 09/07/2025 01:00PM ET,CIN,3.59
TE,Tanner McLachlan (39506845),Tanner McLachlan,39506845,TE/FLEX,2500,CIN@CLE 09/07/2025 01:00PM ET,CIN,0
TE,Cam Grandy (39506847),Cam Grandy,39506847,TE/FLEX,2500,CIN@CLE 09/07/2025 01:00PM ET,CIN,0.98
TE,Kole Taylor (39506849),Kole Taylor,39506849,TE/FLEX,2500,CIN@CLE 09/07/2025 01:00PM ET,CIN,0
TE,William Wagner (39506851),William Wagner,39506851,TE/FLEX,2500,CIN@CLE 09/07/2025 01:00PM ET,CIN,0
TE,Cal Adomitis (39506853),Cal Adomitis,39506853,TE/FLEX,2500,CIN@CLE 09/07/2025 01:00PM ET,CIN,0
TE,Josh Whyle (39506813),Josh Whyle,39506813,TE/FLEX,2500,TEN@DEN 09/07/2025 04:05PM ET,TEN,3.58
TE,David Martin-Robinson (39506815),David Martin-Robinson,39506815,TE/FLEX,2500,TEN@DEN 09/07/2025 04:05PM ET,TEN,0.32
TE,Thomas Odukoya (39506817),Thomas Odukoya,39506817,TE/FLEX,2500,TEN@DEN 09/07/2025 04:05PM ET,TEN,0
TE,Drake Dabney (39506819),Drake Dabney,39506819,TE/FLEX,2500,TEN@DEN 09/07/2025 04:05PM ET,TEN,0
TE,Lucas Krull (39506821),Lucas Krull,39506821,TE/FLEX,2500,TEN@DEN 09/07/2025 04:05PM ET,DEN,2.53
TE,Nate Adkins (39506823),Nate Adkins,39506823,TE/FLEX,2500,TEN@DEN 09/07/2025 04:05PM ET,DEN,2.42
TE,Caleb Lohner (39506825),Caleb Lohner,39506825,TE/FLEX,2500,TEN@DEN 09/07/2025 04:05PM ET,DEN,0
TE,Caden Prieskorn (39506827),Caden Prieskorn,39506827,TE/FLEX,2500,TEN@DEN 09/07/2025 04:05PM ET,DEN,0
TE,Mitchell Fraboni (39506829),Mitchell Fraboni,39506829,TE/FLEX,2500,TEN@DEN 09/07/2025 04:05PM ET,DEN,0
TE,Eric Saubert (39506797),Eric Saubert,39506797,TE/FLEX,2500,SF@SEA 09/07/2025 04:05PM ET,SEA,1.57
TE,Nick Kallerup (39506799),Nick Kallerup,39506799,TE/FLEX,2500,SF@SEA 09/07/2025 04:05PM ET,SEA,0
TE,Marshall Lang (39506801),Marshall Lang,39506801,TE/FLEX,2500,SF@SEA 09/07/2025 04:05PM ET,SEA,0
TE,Luke Farrell (39506803),Luke Farrell,39506803,TE/FLEX,2500,SF@SEA 09/07/2025 04:05PM ET,SF,1.1
TE,Ross Dwelley (39506805),Ross Dwelley,39506805,TE/FLEX,2500,SF@SEA 09/07/2025 04:05PM ET,SF,0.09
TE,Brayden Willis (39506807),Brayden Willis,39506807,TE/FLEX,2500,SF@SEA 09/07/2025 04:05PM ET,SF,0
TE,Jake Tonges (39506809),Jake Tonges,39506809,TE/FLEX,2500,SF@SEA 09/07/2025 04:05PM ET,SF,0
DST,Seahawks  (39507008),Seahawks ,39507008,DST,2500,SF@SEA 09/07/2025 04:05PM ET,SEA,7.94
TE,Ben Sims (39506779),Ben Sims,39506779,TE/FLEX,2500,DET@GB 09/07/2025 04:25PM ET,GB,0.48
TE,John FitzPatrick (39506781),John FitzPatrick,39506781,TE/FLEX,2500,DET@GB 09/07/2025 04:25PM ET,GB,0.12
TE,Messiah Swinson (39506783),Messiah Swinson,39506783,TE/FLEX,2500,DET@GB 09/07/2025 04:25PM ET,GB,0
TE,Johnny Lumpkin (39506785),Johnny Lumpkin,39506785,TE/FLEX,2500,DET@GB 09/07/2025 04:25PM ET,GB,0
TE,Brock Wright (39506787),Brock Wright,39506787,TE/FLEX,2500,DET@GB 09/07/2025 04:25PM ET,DET,1.94
TE,Kenny Yeboah (39506789),Kenny Yeboah,39506789,TE/FLEX,2500,DET@GB 09/07/2025 04:25PM ET,DET,1.74
TE,Shane Zylstra (39506791),Shane Zylstra,39506791,TE/FLEX,2500,DET@GB 09/07/2025 04:25PM ET,DET,0.25
TE,Luke Deal (39506793),Luke Deal,39506793,TE/FLEX,2500,DET@GB 09/07/2025 04:25PM ET,DET,0
TE,Zach Horton (39506795),Zach Horton,39506795,TE/FLEX,2500,DET@GB 09/07/2025 04:25PM ET,DET,0
TE,Colby Parkinson (39506755),Colby Parkinson,39506755,TE/FLEX,2500,HOU@LAR 09/07/2025 04:25PM ET,LAR,4.08
TE,Davis Allen (39506761),Davis Allen,39506761,TE/FLEX,2500,HOU@LAR 09/07/2025 04:25PM ET,LAR,1.07
TE,Mark Redman (39506767),Mark Redman,39506767,TE/FLEX,2500,HOU@LAR 09/07/2025 04:25PM ET,LAR,0
TE,Anthony Torres (39506769),Anthony Torres,39506769,TE/FLEX,2500,HOU@LAR 09/07/2025 04:25PM ET,LAR,0
TE,Brevin Jordan (39506771),Brevin Jordan,39506771,TE/FLEX,2500,HOU@LAR 09/07/2025 04:25PM ET,HOU,1.35
TE,Luke Lachey (39506773),Luke Lachey,39506773,TE/FLEX,2500,HOU@LAR 09/07/2025 04:25PM ET,HOU,0
TE,Irv Smith Jr. (39506775),Irv Smith Jr.,39506775,TE/FLEX,2500,HOU@LAR 09/07/2025 04:25PM ET,HOU,0.17
TE,Jakob Johnson (39506777),Jakob Johnson,39506777,TE/FLEX,2500,HOU@LAR 09/07/2025 04:25PM ET,HOU,0
DST,Texans  (39507009),Texans ,39507009,DST,2500,HOU@LAR 09/07/2025 04:25PM ET,HOU,8.95
DST,Saints  (39507010),Saints ,39507010,DST,2400,ARI@NO 09/07/2025 01:00PM ET,NO,5.76
DST,Panthers  (39507011),Panthers ,39507011,DST,2400,CAR@JAX 09/07/2025 01:00PM ET,CAR,2.41
DST,Giants  (39507013),Giants ,39507013,DST,2300,NYG@WAS 09/07/2025 01:00PM ET,NYG,5.35
DST,Browns  (39507012),Browns ,39507012,DST,2300,CIN@CLE 09/07/2025 01:00PM ET,CLE,4.76
DST,Titans  (39507014),Titans ,39507014,DST,2200,TEN@DEN 09/07/2025 04:05PM ET,TEN,4.18
