id,canonical_name,first_name,last_name,position,team,nfl_id,created_at,updated_at
1,Patrick Mahomes,Patrick,Mahomes,QB,KC,,2025-08-19 14:37:17,2025-08-19 14:37:17
2,Christian McCaffrey,Christian,McCaffrey,RB,SF,,2025-08-19 14:37:17,2025-08-19 14:37:17
3,Tyreek Hill,Tyreek,Hill,WR,MIA,,2025-08-19 14:37:17,2025-08-19 14:37:17
4,Travis Kelce,Travis,Kelce,TE,KC,,2025-08-19 14:37:17,2025-08-19 14:37:17
5,Ja'Marr Chase,Ja'Marr,Chase,WR,CIN,,2025-08-19 14:37:17,2025-08-19 14:37:17
6,Bijan Robinson,Bijan,Robinson,RB,ATL,,2025-08-19 14:37:17,2025-08-19 14:37:17
7,Jahmyr Gibbs,Jahmyr,Gibbs,RB,DET,,2025-08-19 14:37:17,2025-08-19 14:37:17
8,Puka Nacua,Puka,Nacua,WR,LAR,,2025-08-19 14:37:17,2025-08-19 14:37:17
9,Nico Collins,Nico,Collins,WR,HOU,,2025-08-19 14:37:17,2025-08-19 14:37:17
10,Joe Burrow,Joe,Burrow,QB,CIN,,2025-08-19 14:37:17,2025-08-19 14:37:17
11,Bucky Irving,Bucky,Irving,RB,TB,,2025-08-19 14:37:55,2025-08-19 14:37:55
12,Amon-Ra St. Brown,Amon-Ra,St. Brown,WR,DET,,2025-08-19 14:37:55,2025-08-19 14:37:55
13,Ashton Jeanty,Ashton,Jeanty,RB,LV,,2025-08-19 14:37:55,2025-08-19 14:37:55
14,Jayden Daniels,Jayden,Daniels,QB,WAS,,2025-08-19 14:37:55,2025-08-19 14:37:55
15,Malik Nabers,Malik,Nabers,WR,NYG,,2025-08-19 14:37:55,2025-08-19 14:37:55
16,De'Von Achane,De'Von,Achane,RB,MIA,,2025-08-19 14:37:55,2025-08-19 14:37:55
17,Jonathan Taylor,Jonathan,Taylor,RB,IND,,2025-08-19 14:37:55,2025-08-19 14:37:55
18,Brian Thomas Jr.,Brian,Thomas Jr.,WR,JAX,,2025-08-19 14:37:55,2025-08-19 14:37:55
19,Josh Jacobs,Josh,Jacobs,RB,GB,,2025-08-19 14:37:55,2025-08-19 14:37:55
20,Baker Mayfield,Baker,Mayfield,QB,TB,,2025-08-19 14:37:55,2025-08-19 14:37:55
21,Mike Evans,Mike,Evans,WR,TB,,2025-08-19 14:37:55,2025-08-19 14:37:55
22,Chase Brown,Chase,Brown,RB,CIN,,2025-08-19 14:37:55,2025-08-19 14:37:55
23,Brock Bowers,Brock,Bowers,TE,LV,,2025-08-19 14:37:55,2025-08-19 14:37:55
24,Drake London,Drake,London,WR,ATL,,2025-08-19 14:37:55,2025-08-19 14:37:55
25,Jared Goff,Jared,Goff,QB,DET,,2025-08-19 14:37:55,2025-08-19 14:37:55
26,Kyren Williams,Kyren,Williams,RB,LAR,,2025-08-19 14:37:55,2025-08-19 14:37:55
27,Breece Hall,Breece,Hall,RB,NYJ,,2025-08-19 14:37:55,2025-08-19 14:37:55
28,Kyler Murray,Kyler,Murray,QB,ARI,,2025-08-19 14:37:55,2025-08-19 14:37:55
29,Tee Higgins,Tee,Higgins,WR,CIN,,2025-08-19 14:37:55,2025-08-19 14:37:55
30,Garrett Wilson,Garrett,Wilson,WR,NYJ,,2025-08-19 14:37:55,2025-08-19 14:37:55
31,Alvin Kamara,Alvin,Kamara,RB,NO,,2025-08-19 14:37:55,2025-08-19 14:37:55
32,Bo Nix,Bo,Nix,QB,DEN,,2025-08-19 14:37:55,2025-08-19 14:37:55
33,Trey McBride,Trey,McBride,TE,ARI,,2025-08-19 14:37:55,2025-08-19 14:37:55
34,Terry McLaurin,Terry,McLaurin,WR,WAS,,2025-08-19 14:37:55,2025-08-19 14:37:55
35,Brock Purdy,Brock,Purdy,QB,SF,,2025-08-19 14:37:55,2025-08-19 14:37:55
36,Joe Mixon,Joe,Mixon,RB,HOU,,2025-08-19 14:37:55,2025-08-19 14:37:55
37,James Conner,James,Conner,RB,ARI,,2025-08-19 14:37:55,2025-08-19 14:37:55
38,Jordan Love,Jordan,Love,QB,GB,,2025-08-19 14:37:55,2025-08-19 14:37:55
39,Davante Adams,Davante,Adams,WR,LAR,,2025-08-19 14:37:55,2025-08-19 14:37:55
40,Chuba Hubbard,Chuba,Hubbard,RB,CAR,,2025-08-19 14:37:55,2025-08-19 14:37:55
41,Courtland Sutton,Courtland,Sutton,WR,DEN,,2025-08-19 14:37:55,2025-08-19 14:37:55
42,C.J. Stroud,C.J.,Stroud,QB,HOU,,2025-08-19 14:37:55,2025-08-19 14:37:55
43,DK Metcalf,DK,Metcalf,WR,PIT,,2025-08-19 14:37:55,2025-08-19 14:37:55
44,Kenneth Walker III,Kenneth,Walker III,RB,SEA,,2025-08-19 14:37:55,2025-08-19 14:37:55
45,Matthew Stafford,Matthew,Stafford,QB,LAR,,2025-08-19 14:37:55,2025-08-19 14:37:55
46,Tua Tagovailoa,Tua,Tagovailoa,QB,MIA,,2025-08-19 14:37:55,2025-08-19 14:37:55
47,Brian Robinson Jr.,Brian,Robinson Jr.,RB,WAS,,2025-08-19 14:37:55,2025-08-19 14:37:55
48,RJ Harvey,RJ,Harvey,RB,DEN,,2025-08-19 14:37:55,2025-08-19 14:37:55
49,Jaxon Smith-Njigba,Jaxon,Smith-Njigba,WR,SEA,,2025-08-19 14:37:55,2025-08-19 14:37:55
50,George Kittle,George,Kittle,TE,SF,,2025-08-19 14:37:55,2025-08-19 14:37:55
51,Jaylen Waddle,Jaylen,Waddle,WR,MIA,,2025-08-19 14:37:55,2025-08-19 14:37:55
52,Bryce Young,Bryce,Young,QB,CAR,,2025-08-19 14:37:55,2025-08-19 14:37:55
53,Tony Pollard,Tony,Pollard,RB,TEN,,2025-08-19 14:37:55,2025-08-19 14:37:55
54,David Montgomery,David,Montgomery,RB,DET,,2025-08-19 14:37:55,2025-08-19 14:37:55
55,Michael Penix Jr.,Michael,Penix Jr.,QB,ATL,,2025-08-19 14:37:55,2025-08-19 14:37:55
56,Chris Godwin,Chris,Godwin,WR,TB,,2025-08-19 14:37:55,2025-08-19 14:37:55
57,Tyrone Tracy Jr.,Tyrone,Tracy Jr.,RB,NYG,,2025-08-19 14:37:55,2025-08-19 14:37:55
58,Jerome Ford,Jerome,Ford,RB,CLE,,2025-08-19 14:37:55,2025-08-19 14:37:55
59,Drake Maye,Drake,Maye,QB,NE,,2025-08-19 14:37:55,2025-08-19 14:37:55
60,TreVeyon Henderson,TreVeyon,Henderson,RB,NE,,2025-08-19 14:37:55,2025-08-19 14:37:55
61,Marvin Harrison Jr.,Marvin,Harrison Jr.,WR,ARI,,2025-08-19 14:37:55,2025-08-19 14:37:55
62,J.K. Dobbins,J.K.,Dobbins,RB,DEN,,2025-08-19 14:37:55,2025-08-19 14:37:55
63,Jameson Williams,Jameson,Williams,WR,DET,,2025-08-19 14:37:55,2025-08-19 14:37:55
64,Rhamondre Stevenson,Rhamondre,Stevenson,RB,NE,,2025-08-19 14:37:55,2025-08-19 14:37:55
65,Justin Fields,Justin,Fields,QB,NYJ,,2025-08-19 14:37:55,2025-08-19 14:37:55
66,Travis Etienne Jr.,Travis,Etienne Jr.,RB,JAX,,2025-08-19 14:37:55,2025-08-19 14:37:55
67,Jerry Jeudy,Jerry,Jeudy,WR,CLE,,2025-08-19 14:37:55,2025-08-19 14:37:55
68,Jayden Reed,Jayden,Reed,WR,GB,,2025-08-19 14:37:55,2025-08-19 14:37:55
69,Stefon Diggs,Stefon,Diggs,WR,NE,,2025-08-19 14:37:55,2025-08-19 14:37:55
70,Kaleb Johnson,Kaleb,Johnson,RB,PIT,,2025-08-19 14:37:55,2025-08-19 14:37:55
71,Trevor Lawrence,Trevor,Lawrence,QB,JAX,,2025-08-19 14:37:55,2025-08-19 14:37:55
72,Sam Darnold,Sam,Darnold,QB,SEA,,2025-08-19 14:37:55,2025-08-19 14:37:55
73,Isaac Guerendo,Isaac,Guerendo,RB,SF,,2025-08-19 14:37:55,2025-08-19 14:37:55
74,Cooper Kupp,Cooper,Kupp,WR,SEA,,2025-08-19 14:37:55,2025-08-19 14:37:55
75,Geno Smith,Geno,Smith,QB,LV,,2025-08-19 14:37:55,2025-08-19 14:37:55
76,Aaron Rodgers,Aaron,Rodgers,QB,PIT,,2025-08-19 14:37:55,2025-08-19 14:37:55
77,Jaylen Warren,Jaylen,Warren,RB,PIT,,2025-08-19 14:37:55,2025-08-19 14:37:55
78,Deebo Samuel Sr.,Deebo,Samuel Sr.,WR,WAS,,2025-08-19 14:37:55,2025-08-19 14:37:55
79,Tetairoa McMillan,Tetairoa,McMillan,WR,CAR,,2025-08-19 14:37:55,2025-08-19 14:37:55
80,Nick Chubb,Nick,Chubb,RB,HOU,,2025-08-19 14:37:55,2025-08-19 14:37:55
81,Woody Marks,Woody,Marks,RB,HOU,,2025-08-19 14:37:55,2025-08-19 14:37:55
82,Jakobi Meyers,Jakobi,Meyers,WR,LV,,2025-08-19 14:37:55,2025-08-19 14:37:55
83,Rachaad White,Rachaad,White,RB,TB,,2025-08-19 14:37:55,2025-08-19 14:37:55
84,Anthony Richardson Sr.,Anthony,Richardson Sr.,QB,IND,,2025-08-19 14:37:55,2025-08-19 14:37:55
85,Daniel Jones,Daniel,Jones,QB,IND,,2025-08-19 14:37:55,2025-08-19 14:37:55
86,Chris Olave,Chris,Olave,WR,NO,,2025-08-19 14:37:55,2025-08-19 14:37:55
87,Cam Skattebo,Cam,Skattebo,RB,NYG,,2025-08-19 14:37:55,2025-08-19 14:37:55
88,Quinshon Judkins,Quinshon,Judkins,RB,CLE,,2025-08-19 14:37:55,2025-08-19 14:37:55
89,Raheem Mostert,Raheem,Mostert,RB,LV,,2025-08-19 14:37:55,2025-08-19 14:37:55
90,Tyler Allgeier,Tyler,Allgeier,RB,ATL,,2025-08-19 14:37:55,2025-08-19 14:37:55
91,Darnell Mooney,Darnell,Mooney,WR,ATL,,2025-08-19 14:37:55,2025-08-19 14:37:55
92,Russell Wilson,Russell,Wilson,QB,NYG,,2025-08-19 14:37:55,2025-08-19 14:37:55
93,Rico Dowdle,Rico,Dowdle,RB,CAR,,2025-08-19 14:37:55,2025-08-19 14:37:55
94,Travis Hunter,Travis,Hunter,WR,JAX,,2025-08-19 14:37:55,2025-08-19 14:37:55
95,Cameron Ward,Cameron,Ward,QB,TEN,,2025-08-19 14:37:55,2025-08-19 14:37:55
96,Calvin Ridley,Calvin,Ridley,WR,TEN,,2025-08-19 14:37:55,2025-08-19 14:37:55
97,Sam LaPorta,Sam,LaPorta,TE,DET,,2025-08-19 14:37:55,2025-08-19 14:37:55
98,Braelon Allen,Braelon,Allen,RB,NYJ,,2025-08-19 14:37:55,2025-08-19 14:37:55
99,Jaylen Wright,Jaylen,Wright,RB,MIA,,2025-08-19 14:37:55,2025-08-19 14:37:55
100,Michael Pittman Jr.,Michael,Pittman Jr.,WR,IND,,2025-08-19 14:37:55,2025-08-19 14:37:55
101,Joe Flacco,Joe,Flacco,QB,CLE,,2025-08-19 14:37:55,2025-08-19 14:37:55
102,Kenny Pickett,Kenny,Pickett,QB,CLE,,2025-08-19 14:37:55,2025-08-19 14:37:55
103,Dillon Gabriel,Dillon,Gabriel,QB,CLE,,2025-08-19 14:37:55,2025-08-19 14:37:55
104,Shedeur Sanders,Shedeur,Sanders,QB,CLE,,2025-08-19 14:37:55,2025-08-19 14:37:55
105,Dylan Sampson,Dylan,Sampson,RB,CLE,,2025-08-19 14:37:55,2025-08-19 14:37:55
106,Zach Charbonnet,Zach,Charbonnet,RB,SEA,,2025-08-19 14:37:55,2025-08-19 14:37:55
107,Jauan Jennings,Jauan,Jennings,WR,SF,,2025-08-19 14:37:55,2025-08-19 14:37:55
108,Matthew Golden,Matthew,Golden,WR,GB,,2025-08-19 14:37:55,2025-08-19 14:37:55
109,DJ Giddens,DJ,Giddens,RB,IND,,2025-08-19 14:37:55,2025-08-19 14:37:55
110,Spencer Rattler,Spencer,Rattler,QB,NO,,2025-08-19 14:37:55,2025-08-19 14:37:55
111,Tyler Shough,Tyler,Shough,QB,NO,,2025-08-19 14:37:55,2025-08-19 14:37:55
112,Jake Haener,Jake,Haener,QB,NO,,2025-08-19 14:37:55,2025-08-19 14:37:55
113,Austin Ekeler,Austin,Ekeler,RB,WAS,,2025-08-19 14:37:55,2025-08-19 14:37:55
114,Jaleel McLaughlin,Jaleel,McLaughlin,RB,DEN,,2025-08-19 14:37:55,2025-08-19 14:37:55
115,Brandon Aiyuk,Brandon,Aiyuk,WR,SF,,2025-08-19 14:37:56,2025-08-19 14:37:56
116,Jayden Higgins,Jayden,Higgins,WR,HOU,,2025-08-19 14:37:56,2025-08-19 14:37:56
117,Andy Dalton,Andy,Dalton,QB,CAR,,2025-08-19 14:37:56,2025-08-19 14:37:56
118,Adam Thielen,Adam,Thielen,WR,CAR,,2025-08-19 14:37:56,2025-08-19 14:37:56
119,David Njoku,David,Njoku,TE,CLE,,2025-08-19 14:37:56,2025-08-19 14:37:56
120,Tyjae Spears,Tyjae,Spears,RB,TEN,,2025-08-19 14:37:56,2025-08-19 14:37:56
121,MarShawn Lloyd,MarShawn,Lloyd,RB,GB,,2025-08-19 14:37:56,2025-08-19 14:37:56
122,Dameon Pierce,Dameon,Pierce,RB,HOU,,2025-08-19 14:37:56,2025-08-19 14:37:56
123,Christian Kirk,Christian,Kirk,WR,HOU,,2025-08-19 14:37:56,2025-08-19 14:37:56
124,Kirk Cousins,Kirk,Cousins,QB,ATL,,2025-08-19 14:37:56,2025-08-19 14:37:56
125,Emeka Egbuka,Emeka,Egbuka,WR,TB,,2025-08-19 14:37:56,2025-08-19 14:37:56
126,Josh Downs,Josh,Downs,WR,IND,,2025-08-19 14:37:56,2025-08-19 14:37:56
127,Trey Benson,Trey,Benson,RB,ARI,,2025-08-19 14:37:56,2025-08-19 14:37:56
128,Rashid Shaheed,Rashid,Shaheed,WR,NO,,2025-08-19 14:37:56,2025-08-19 14:37:56
129,Devin Singletary,Devin,Singletary,RB,NYG,,2025-08-19 14:37:56,2025-08-19 14:37:56
130,Tank Bigsby,Tank,Bigsby,RB,JAX,,2025-08-19 14:37:56,2025-08-19 14:37:56
131,Zack Moss,Zack,Moss,RB,CIN,,2025-08-19 14:37:56,2025-08-19 14:37:56
132,Malik Willis,Malik,Willis,QB,GB,,2025-08-19 14:37:56,2025-08-19 14:37:56
133,Joshua Dobbs,Joshua,Dobbs,QB,NE,,2025-08-19 14:37:56,2025-08-19 14:37:56
134,Antonio Gibson,Antonio,Gibson,RB,NE,,2025-08-19 14:37:56,2025-08-19 14:37:56
135,Jameis Winston,Jameis,Winston,QB,NYG,,2025-08-19 14:37:56,2025-08-19 14:37:56
136,Marcus Mariota,Marcus,Mariota,QB,WAS,,2025-08-19 14:37:56,2025-08-19 14:37:56
137,Jaxson Dart,Jaxson,Dart,QB,NYG,,2025-08-19 14:37:56,2025-08-19 14:37:56
138,Wan'Dale Robinson,Wan'Dale,Robinson,WR,NYG,,2025-08-19 14:37:56,2025-08-19 14:37:56
139,Trevor Etienne,Trevor,Etienne,RB,CAR,,2025-08-19 14:37:56,2025-08-19 14:37:56
140,Marvin Mims Jr.,Marvin,Mims Jr.,WR,DEN,,2025-08-19 14:37:56,2025-08-19 14:37:56
141,Evan Engram,Evan,Engram,TE,DEN,,2025-08-19 14:37:56,2025-08-19 14:37:56
142,Ricky Pearsall,Ricky,Pearsall,WR,SF,,2025-08-19 14:37:56,2025-08-19 14:37:56
143,Hendon Hooker,Hendon,Hooker,QB,DET,,2025-08-19 14:37:56,2025-08-19 14:37:56
144,Davis Mills,Davis,Mills,QB,HOU,,2025-08-19 14:37:56,2025-08-19 14:37:56
145,Blake Corum,Blake,Corum,RB,LAR,,2025-08-19 14:37:56,2025-08-19 14:37:56
146,Jarquez Hunter,Jarquez,Hunter,RB,LAR,,2025-08-19 14:37:56,2025-08-19 14:37:56
147,Tyrod Taylor,Tyrod,Taylor,QB,NYJ,,2025-08-19 14:37:56,2025-08-19 14:37:56
148,Calvin Austin III,Calvin,Austin III,WR,PIT,,2025-08-19 14:37:56,2025-08-19 14:37:56
149,Alexander Mattison,Alexander,Mattison,RB,MIA,,2025-08-19 14:37:56,2025-08-19 14:37:56
150,Alec Pierce,Alec,Pierce,WR,IND,,2025-08-19 14:37:56,2025-08-19 14:37:56
151,Tyler Warren,Tyler,Warren,TE,IND,,2025-08-19 14:37:56,2025-08-19 14:37:56
152,Jacoby Brissett,Jacoby,Brissett,QB,ARI,,2025-08-19 14:37:56,2025-08-19 14:37:56
153,Bhayshul Tuten,Bhayshul,Tuten,RB,JAX,,2025-08-19 14:37:56,2025-08-19 14:37:56
154,Jake Browning,Jake,Browning,QB,CIN,,2025-08-19 14:37:56,2025-08-19 14:37:56
155,Pierre Strong Jr.,Pierre,Strong Jr.,RB,CLE,,2025-08-19 14:37:56,2025-08-19 14:37:56
156,Cedric Tillman,Cedric,Tillman,WR,CLE,,2025-08-19 14:37:56,2025-08-19 14:37:56
157,Kenny McIntosh,Kenny,McIntosh,RB,SEA,,2025-08-19 14:37:56,2025-08-19 14:37:56
158,Jimmy Garoppolo,Jimmy,Garoppolo,QB,LAR,,2025-08-19 14:37:56,2025-08-19 14:37:56
159,Kyle Williams,Kyle,Williams,WR,NE,,2025-08-19 14:37:56,2025-08-19 14:37:56
160,Kyle Pitts Sr.,Kyle,Pitts Sr.,TE,ATL,,2025-08-19 14:37:56,2025-08-19 14:37:56
161,Zach Wilson,Zach,Wilson,QB,MIA,,2025-08-19 14:37:56,2025-08-19 14:37:56
162,Khalil Herbert,Khalil,Herbert,RB,IND,,2025-08-19 14:37:56,2025-08-19 14:37:56
163,Kendre Miller,Kendre,Miller,RB,NO,,2025-08-19 14:37:56,2025-08-19 14:37:56
164,Cam Akers,Cam,Akers,RB,NO,,2025-08-19 14:37:56,2025-08-19 14:37:56
165,Nick Mullens,Nick,Mullens,QB,JAX,,2025-08-19 14:37:56,2025-08-19 14:37:56
166,Dyami Brown,Dyami,Brown,WR,JAX,,2025-08-19 14:37:56,2025-08-19 14:37:56
167,Jarrett Stidham,Jarrett,Stidham,QB,DEN,,2025-08-19 14:37:56,2025-08-19 14:37:56
168,Audric Estime,Audric,Estime,RB,DEN,,2025-08-19 14:37:56,2025-08-19 14:37:56
169,Drew Lock,Drew,Lock,QB,SEA,,2025-08-19 14:37:56,2025-08-19 14:37:56
170,Jalen Milroe,Jalen,Milroe,QB,SEA,,2025-08-19 14:37:56,2025-08-19 14:37:56
171,Jordan James,Jordan,James,RB,SF,,2025-08-19 14:37:56,2025-08-19 14:37:56
172,Romeo Doubs,Romeo,Doubs,WR,GB,,2025-08-19 14:37:56,2025-08-19 14:37:56
173,Aidan O'Connell,Aidan,O'Connell,QB,LV,,2025-08-19 14:37:56,2025-08-19 14:37:56
174,DeMario Douglas,DeMario,Douglas,WR,NE,,2025-08-19 14:37:56,2025-08-19 14:37:56
175,Mason Rudolph,Mason,Rudolph,QB,PIT,,2025-08-19 14:37:56,2025-08-19 14:37:56
176,Kenneth Gainwell,Kenneth,Gainwell,RB,PIT,,2025-08-19 14:37:56,2025-08-19 14:37:56
177,Jonnu Smith,Jonnu,Smith,TE,PIT,,2025-08-19 14:37:56,2025-08-19 14:37:56
178,Ollie Gordon II,Ollie,Gordon II,RB,MIA,,2025-08-19 14:37:56,2025-08-19 14:37:56
179,Michael Wilson,Michael,Wilson,WR,ARI,,2025-08-19 14:37:56,2025-08-19 14:37:56
180,Xavier Legette,Xavier,Legette,WR,CAR,,2025-08-19 14:37:56,2025-08-19 14:37:56
181,Mac Jones,Mac,Jones,QB,SF,,2025-08-19 14:37:56,2025-08-19 14:37:56
182,Emanuel Wilson,Emanuel,Wilson,RB,GB,,2025-08-19 14:37:56,2025-08-19 14:37:56
183,Jack Bech,Jack,Bech,WR,LV,,2025-08-19 14:37:56,2025-08-19 14:37:56
184,Cordarrelle Patterson,Cordarrelle,Patterson,RB,PIT,,2025-08-19 14:37:56,2025-08-19 14:37:56
185,Kyle Trask,Kyle,Trask,QB,TB,,2025-08-19 14:37:56,2025-08-19 14:37:56
186,Jalen McMillan,Jalen,McMillan,WR,TB,,2025-08-19 14:37:56,2025-08-19 14:37:56
187,Riley Leonard,Riley,Leonard,QB,IND,,2025-08-19 14:37:56,2025-08-19 14:37:56
188,Michael Carter,Michael,Carter,RB,ARI,,2025-08-19 14:37:56,2025-08-19 14:37:56
189,Brandin Cooks,Brandin,Cooks,WR,NO,,2025-08-19 14:37:56,2025-08-19 14:37:56
190,Zach Ertz,Zach,Ertz,TE,WAS,,2025-08-19 14:37:56,2025-08-19 14:37:56
191,Samaje Perine,Samaje,Perine,RB,CIN,,2025-08-19 14:37:56,2025-08-19 14:37:56
192,Trayveon Williams,Trayveon,Williams,RB,CLE,,2025-08-19 14:37:56,2025-08-19 14:37:56
193,Nate Noel,Nate,Noel,RB,IND,,2025-08-19 14:37:56,2025-08-19 14:37:56
194,Ben Wooldridge,Ben,Wooldridge,QB,NE,,2025-08-19 14:37:56,2025-08-19 14:37:56
195,Cam Miller,Cam,Miller,QB,LV,,2025-08-19 14:37:56,2025-08-19 14:37:56
196,Lan Larison,Lan,Larison,RB,NE,,2025-08-19 14:37:56,2025-08-19 14:37:56
197,Terrell Jennings,Terrell,Jennings,RB,NE,,2025-08-19 14:37:56,2025-08-19 14:37:56
198,Brock Lampe,Brock,Lampe,RB,NE,,2025-08-19 14:37:56,2025-08-19 14:37:56
199,Sincere McCormick,Sincere,McCormick,RB,LV,,2025-08-19 14:37:56,2025-08-19 14:37:56
200,Zamir White,Zamir,White,RB,LV,,2025-08-19 14:37:56,2025-08-19 14:37:56
201,Dylan Laube,Dylan,Laube,RB,LV,,2025-08-19 14:37:56,2025-08-19 14:37:56
202,Chris Collier,Chris,Collier,RB,LV,,2025-08-19 14:37:56,2025-08-19 14:37:56
203,Will Howard,Will,Howard,QB,PIT,,2025-08-19 14:37:56,2025-08-19 14:37:56
204,Skylar Thompson,Skylar,Thompson,QB,PIT,,2025-08-19 14:37:56,2025-08-19 14:37:56
205,Adrian Martinez,Adrian,Martinez,QB,NYJ,,2025-08-19 14:37:56,2025-08-19 14:37:56
206,Brady Cook,Brady,Cook,QB,NYJ,,2025-08-19 14:37:56,2025-08-19 14:37:56
207,Isaiah Davis,Isaiah,Davis,RB,NYJ,,2025-08-19 14:37:56,2025-08-19 14:37:56
208,Trey Sermon,Trey,Sermon,RB,PIT,,2025-08-19 14:37:56,2025-08-19 14:37:56
209,Evan Hull,Evan,Hull,RB,PIT,,2025-08-19 14:37:56,2025-08-19 14:37:56
210,Max Hurleman,Max,Hurleman,RB,PIT,,2025-08-19 14:37:56,2025-08-19 14:37:56
211,Kene Nwangwu,Kene,Nwangwu,RB,NYJ,,2025-08-19 14:37:56,2025-08-19 14:37:56
212,Zach Evans,Zach,Evans,RB,NYJ,,2025-08-19 14:37:56,2025-08-19 14:37:56
213,Donovan Edwards,Donovan,Edwards,RB,NYJ,,2025-08-19 14:37:56,2025-08-19 14:37:56
214,Andrew Beck,Andrew,Beck,RB,NYJ,,2025-08-19 14:37:56,2025-08-19 14:37:56
215,Michael Pratt,Michael,Pratt,QB,TB,,2025-08-19 14:37:56,2025-08-19 14:37:56
216,Connor Bazelak,Connor,Bazelak,QB,TB,,2025-08-19 14:37:56,2025-08-19 14:37:56
217,Easton Stick,Easton,Stick,QB,ATL,,2025-08-19 14:37:56,2025-08-19 14:37:56
218,Emory Jones,Emory,Jones,QB,ATL,,2025-08-19 14:37:56,2025-08-19 14:37:56
219,Sean Tucker,Sean,Tucker,RB,TB,,2025-08-19 14:37:56,2025-08-19 14:37:56
220,D.J. Williams,D.J.,Williams,RB,TB,,2025-08-19 14:37:56,2025-08-19 14:37:56
221,Josh Williams,Josh,Williams,RB,TB,,2025-08-19 14:37:56,2025-08-19 14:37:56
222,Carlos Washington Jr.,Carlos,Washington Jr.,RB,ATL,,2025-08-19 14:37:56,2025-08-19 14:37:56
223,Elijah Dotson,Elijah,Dotson,RB,ATL,,2025-08-19 14:37:56,2025-08-19 14:37:56
224,Jashaun Corbin,Jashaun,Corbin,RB,ATL,,2025-08-19 14:37:56,2025-08-19 14:37:56
225,Nathan Carter,Nathan,Carter,RB,ATL,,2025-08-19 14:37:56,2025-08-19 14:37:56
226,Quinn Ewers,Quinn,Ewers,QB,MIA,,2025-08-19 14:37:56,2025-08-19 14:37:56
227,Jason Bean,Jason,Bean,QB,IND,,2025-08-19 14:37:56,2025-08-19 14:37:56
228,Alec Ingold,Alec,Ingold,RB,MIA,,2025-08-19 14:37:56,2025-08-19 14:37:56
229,Tyler Goodson,Tyler,Goodson,RB,IND,,2025-08-19 14:37:56,2025-08-19 14:37:56
230,Salvon Ahmed,Salvon,Ahmed,RB,IND,,2025-08-19 14:37:56,2025-08-19 14:37:56
231,Ulysses Bentley IV,Ulysses,Bentley IV,RB,IND,,2025-08-19 14:37:56,2025-08-19 14:37:56
232,Clayton Tune,Clayton,Tune,QB,ARI,,2025-08-19 14:37:56,2025-08-19 14:37:56
233,Hunter Dekkers,Hunter,Dekkers,QB,NO,,2025-08-19 14:37:56,2025-08-19 14:37:56
234,Emari Demercado,Emari,Demercado,RB,ARI,,2025-08-19 14:37:56,2025-08-19 14:37:56
235,DeeJay Dallas,DeeJay,Dallas,RB,ARI,,2025-08-19 14:37:56,2025-08-19 14:37:56
236,Zonovan Knight,Zonovan,Knight,RB,ARI,,2025-08-19 14:37:56,2025-08-19 14:37:56
237,Devin Neal,Devin,Neal,RB,NO,,2025-08-19 14:37:56,2025-08-19 14:37:56
238,Velus Jones Jr.,Velus,Jones Jr.,RB,NO,,2025-08-19 14:37:56,2025-08-19 14:37:56
239,Marcus Yarns,Marcus,Yarns,RB,NO,,2025-08-19 14:37:56,2025-08-19 14:37:56
240,Clyde Edwards-Helaire,Clyde,Edwards-Helaire,RB,NO,,2025-08-19 14:37:56,2025-08-19 14:37:56
241,Tommy DeVito,Tommy,DeVito,QB,NYG,,2025-08-19 14:37:56,2025-08-19 14:37:56
242,Josh Johnson,Josh,Johnson,QB,WAS,,2025-08-19 14:37:56,2025-08-19 14:37:56
243,Sam Hartman,Sam,Hartman,QB,WAS,,2025-08-19 14:37:56,2025-08-19 14:37:56
244,Chris Rodriguez Jr.,Chris,Rodriguez Jr.,RB,WAS,,2025-08-19 14:37:56,2025-08-19 14:37:56
245,Jeremy McNichols,Jeremy,McNichols,RB,WAS,,2025-08-19 14:37:56,2025-08-19 14:37:56
246,Jacory Croskey-Merritt,Jacory,Croskey-Merritt,RB,WAS,,2025-08-19 14:37:56,2025-08-19 14:37:56
247,Demetric Felton,Demetric,Felton,RB,WAS,,2025-08-19 14:37:56,2025-08-19 14:37:56
248,Eric Gray,Eric,Gray,RB,NYG,,2025-08-19 14:37:56,2025-08-19 14:37:56
249,Dante Miller,Dante,Miller,RB,NYG,,2025-08-19 14:37:56,2025-08-19 14:37:56
250,Rushawn Baker,Rushawn,Baker,RB,NYG,,2025-08-19 14:37:56,2025-08-19 14:37:56
251,Kazmeir Allen,Kazmeir,Allen,RB,WAS,,2025-08-19 14:37:56,2025-08-19 14:37:56
252,Darius Slayton,Darius,Slayton,WR,NYG,,2025-08-19 14:37:56,2025-08-19 14:37:56
253,John Wolford,John,Wolford,QB,JAX,,2025-08-19 14:37:56,2025-08-19 14:37:56
254,Seth Henigan,Seth,Henigan,QB,JAX,,2025-08-19 14:37:56,2025-08-19 14:37:56
255,Jack Plummer,Jack,Plummer,QB,CAR,,2025-08-19 14:37:56,2025-08-19 14:37:56
256,Raheem Blackshear,Raheem,Blackshear,RB,CAR,,2025-08-19 14:37:56,2025-08-19 14:37:56
257,LeQuint Allen Jr.,LeQuint,Allen Jr.,RB,JAX,,2025-08-19 14:37:57,2025-08-19 14:37:57
258,Ja'Quinden Jackson,Ja'Quinden,Jackson,RB,JAX,,2025-08-19 14:37:57,2025-08-19 14:37:57
259,Emani Bailey,Emani,Bailey,RB,CAR,,2025-08-19 14:37:57,2025-08-19 14:37:57
260,Kay'Ron Lynch-Adams,Kay'Ron,Lynch-Adams,RB,CAR,,2025-08-19 14:37:57,2025-08-19 14:37:57
261,Jonathon Brooks,Jonathon,Brooks,RB,CAR,,2025-08-19 14:37:57,2025-08-19 14:37:57
262,Deshaun Watson,Deshaun,Watson,QB,CLE,,2025-08-19 14:37:57,2025-08-19 14:37:57
263,Payton Thorne,Payton,Thorne,QB,CIN,,2025-08-19 14:37:57,2025-08-19 14:37:57
264,Desmond Ridder,Desmond,Ridder,QB,CIN,,2025-08-19 14:37:57,2025-08-19 14:37:57
265,Ahmani Marshall,Ahmani,Marshall,RB,CLE,,2025-08-19 14:37:57,2025-08-19 14:37:57
266,Troy Hairston,Troy,Hairston,RB,CLE,,2025-08-19 14:37:57,2025-08-19 14:37:57
267,Tahj Brooks,Tahj,Brooks,RB,CIN,,2025-08-19 14:37:57,2025-08-19 14:37:57
268,Gary Brightwell,Gary,Brightwell,RB,CIN,,2025-08-19 14:37:57,2025-08-19 14:37:57
269,Kendall Milton,Kendall,Milton,RB,CIN,,2025-08-19 14:37:57,2025-08-19 14:37:57
270,Quali Conley,Quali,Conley,RB,CIN,,2025-08-19 14:37:57,2025-08-19 14:37:57
271,Will Levis,Will,Levis,QB,TEN,,2025-08-19 14:37:57,2025-08-19 14:37:57
272,Brandon Allen,Brandon,Allen,QB,TEN,,2025-08-19 14:37:57,2025-08-19 14:37:57
273,Tim Boyle,Tim,Boyle,QB,TEN,,2025-08-19 14:37:57,2025-08-19 14:37:57
274,Sam Ehlinger,Sam,Ehlinger,QB,DEN,,2025-08-19 14:37:57,2025-08-19 14:37:57
275,Jermar Jefferson,Jermar,Jefferson,RB,TEN,,2025-08-19 14:37:57,2025-08-19 14:37:57
276,Julius Chestnut,Julius,Chestnut,RB,TEN,,2025-08-19 14:37:57,2025-08-19 14:37:57
277,Kalel Mullings,Kalel,Mullings,RB,TEN,,2025-08-19 14:37:57,2025-08-19 14:37:57
278,Jordan Mims,Jordan,Mims,RB,TEN,,2025-08-19 14:37:57,2025-08-19 14:37:57
279,Tyler Badie,Tyler,Badie,RB,DEN,,2025-08-19 14:37:57,2025-08-19 14:37:57
280,Blake Watson,Blake,Watson,RB,DEN,,2025-08-19 14:37:57,2025-08-19 14:37:57
281,Michael Burton,Michael,Burton,RB,DEN,,2025-08-19 14:37:57,2025-08-19 14:37:57
282,Tyler Lockett,Tyler,Lockett,WR,TEN,,2025-08-19 14:37:57,2025-08-19 14:37:57
283,Kurtis Rourke,Kurtis,Rourke,QB,SF,,2025-08-19 14:37:57,2025-08-19 14:37:57
284,Tanner Mordecai,Tanner,Mordecai,QB,SF,,2025-08-19 14:37:57,2025-08-19 14:37:57
285,Patrick Taylor Jr.,Patrick,Taylor Jr.,RB,SF,,2025-08-19 14:37:57,2025-08-19 14:37:57
286,Damien Martinez,Damien,Martinez,RB,SEA,,2025-08-19 14:37:57,2025-08-19 14:37:57
287,George Holani,George,Holani,RB,SEA,,2025-08-19 14:37:57,2025-08-19 14:37:57
288,Jacardia Wright,Jacardia,Wright,RB,SEA,,2025-08-19 14:37:57,2025-08-19 14:37:57
289,Robbie Ouzts,Robbie,Ouzts,RB,SEA,,2025-08-19 14:37:57,2025-08-19 14:37:57
290,Corey Kiner,Corey,Kiner,RB,SF,,2025-08-19 14:37:57,2025-08-19 14:37:57
291,Kyle Juszczyk,Kyle,Juszczyk,RB,SF,,2025-08-19 14:37:57,2025-08-19 14:37:57
292,Brady Russell,Brady,Russell,RB,SEA,,2025-08-19 14:37:57,2025-08-19 14:37:57
293,Sean Clifford,Sean,Clifford,QB,GB,,2025-08-19 14:37:57,2025-08-19 14:37:57
294,Taylor Elgersma,Taylor,Elgersma,QB,GB,,2025-08-19 14:37:57,2025-08-19 14:37:57
295,Kyle Allen,Kyle,Allen,QB,DET,,2025-08-19 14:37:57,2025-08-19 14:37:57
296,Chris Brooks,Chris,Brooks,RB,GB,,2025-08-19 14:37:57,2025-08-19 14:37:57
297,Amar Johnson,Amar,Johnson,RB,GB,,2025-08-19 14:37:57,2025-08-19 14:37:57
298,Jalen White,Jalen,White,RB,GB,,2025-08-19 14:37:57,2025-08-19 14:37:57
299,Craig Reynolds,Craig,Reynolds,RB,DET,,2025-08-19 14:37:57,2025-08-19 14:37:57
300,Sione Vaki,Sione,Vaki,RB,DET,,2025-08-19 14:37:57,2025-08-19 14:37:57
301,Kye Robichaux,Kye,Robichaux,RB,DET,,2025-08-19 14:37:57,2025-08-19 14:37:57
302,Jabari Small,Jabari,Small,RB,DET,,2025-08-19 14:37:57,2025-08-19 14:37:57
303,Christian Watson,Christian,Watson,WR,GB,,2025-08-19 14:37:57,2025-08-19 14:37:57
304,Tucker Kraft,Tucker,Kraft,TE,GB,,2025-08-19 14:37:57,2025-08-19 14:37:57
305,Stetson Bennett IV,Stetson,Bennett IV,QB,LAR,,2025-08-19 14:37:57,2025-08-19 14:37:57
306,Dresser Winn,Dresser,Winn,QB,LAR,,2025-08-19 14:37:57,2025-08-19 14:37:57
307,Graham Mertz,Graham,Mertz,QB,HOU,,2025-08-19 14:37:57,2025-08-19 14:37:57
308,Kedon Slovis,Kedon,Slovis,QB,HOU,,2025-08-19 14:37:57,2025-08-19 14:37:57
309,Ronnie Rivers,Ronnie,Rivers,RB,LAR,,2025-08-19 14:37:57,2025-08-19 14:37:57
310,Cody Schrader,Cody,Schrader,RB,LAR,,2025-08-19 14:37:57,2025-08-19 14:37:57
311,Jordan Waters,Jordan,Waters,RB,LAR,,2025-08-19 14:37:57,2025-08-19 14:37:57
312,Dare Ogunbowale,Dare,Ogunbowale,RB,HOU,,2025-08-19 14:37:57,2025-08-19 14:37:57
313,J.J. Taylor,J.J.,Taylor,RB,HOU,,2025-08-19 14:37:57,2025-08-19 14:37:57
314,British Brooks,British,Brooks,RB,HOU,,2025-08-19 14:37:57,2025-08-19 14:37:57
315,Jawhar Jordan,Jawhar,Jordan,RB,HOU,,2025-08-19 14:37:57,2025-08-19 14:37:57
316,Hunter Henry,Hunter,Henry,TE,NE,,2025-08-19 14:37:57,2025-08-19 14:37:57
317,Allen Lazard,Allen,Lazard,WR,NYJ,,2025-08-19 14:37:57,2025-08-19 14:37:57
318,Diontae Johnson,Diontae,Johnson,WR,CLE,,2025-08-19 14:37:57,2025-08-19 14:37:57
319,Devaughn Vele,Devaughn,Vele,WR,DEN,,2025-08-19 14:37:57,2025-08-19 14:37:57
320,Demarcus Robinson,Demarcus,Robinson,WR,SF,,2025-08-19 14:37:57,2025-08-19 14:37:57
321,Kayshon Boutte,Kayshon,Boutte,WR,NE,,2025-08-19 14:37:57,2025-08-19 14:37:57
322,Cade Otton,Cade,Otton,TE,TB,,2025-08-19 14:37:57,2025-08-19 14:37:57
323,Parker Washington,Parker,Washington,WR,JAX,,2025-08-19 14:37:57,2025-08-19 14:37:57
324,Broncos ,Broncos ,,DST,DEN,,2025-08-19 14:37:57,2025-08-19 14:37:57
325,Marquez Valdes-Scantling,Marquez,Valdes-Scantling,WR,SEA,,2025-08-19 14:37:57,2025-08-19 14:37:57
326,Jaylin Noel,Jaylin,Noel,WR,HOU,,2025-08-19 14:37:57,2025-08-19 14:37:57
327,Ray-Ray McCloud III,Ray-Ray,McCloud III,WR,ATL,,2025-08-19 14:37:57,2025-08-19 14:37:57
328,Taysom Hill,Taysom,Hill,TE,NO,,2025-08-19 14:37:57,2025-08-19 14:37:57
329,Jaylin Lane,Jaylin,Lane,WR,WAS,,2025-08-19 14:37:57,2025-08-19 14:37:57
330,Commanders ,Commanders ,,DST,WAS,,2025-08-19 14:37:57,2025-08-19 14:37:57
331,Jalen Coker,Jalen,Coker,WR,CAR,,2025-08-19 14:37:57,2025-08-19 14:37:57
332,Andrei Iosivas,Andrei,Iosivas,WR,CIN,,2025-08-19 14:37:57,2025-08-19 14:37:57
333,Dont'e Thornton Jr.,Dont'e,Thornton Jr.,WR,LV,,2025-08-19 14:37:57,2025-08-19 14:37:57
334,Mike Gesicki,Mike,Gesicki,TE,CIN,,2025-08-19 14:37:57,2025-08-19 14:37:57
335,Bengals ,Bengals ,,DST,CIN,,2025-08-19 14:37:57,2025-08-19 14:37:57
336,Tim Patrick,Tim,Patrick,WR,DET,,2025-08-19 14:37:57,2025-08-19 14:37:57
337,John Metchie III,John,Metchie III,WR,HOU,,2025-08-19 14:37:57,2025-08-19 14:37:57
338,Tutu Atwell,Tutu,Atwell,WR,LAR,,2025-08-19 14:37:57,2025-08-19 14:37:57
339,Nick Westbrook-Ikhine,Nick,Westbrook-Ikhine,WR,MIA,,2025-08-19 14:37:57,2025-08-19 14:37:57
340,Darren Waller,Darren,Waller,TE,MIA,,2025-08-19 14:37:57,2025-08-19 14:37:57
341,Greg Dortch,Greg,Dortch,WR,ARI,,2025-08-19 14:37:57,2025-08-19 14:37:57
342,Cardinals ,Cardinals ,,DST,ARI,,2025-08-19 14:37:57,2025-08-19 14:37:57
343,Luke McCaffrey,Luke,McCaffrey,WR,WAS,,2025-08-19 14:37:57,2025-08-19 14:37:57
344,Troy Franklin,Troy,Franklin,WR,DEN,,2025-08-19 14:37:57,2025-08-19 14:37:57
345,Jacob Cowing,Jacob,Cowing,WR,SF,,2025-08-19 14:37:57,2025-08-19 14:37:57
346,Dalton Schultz,Dalton,Schultz,TE,HOU,,2025-08-19 14:37:57,2025-08-19 14:37:57
347,Robert Woods,Robert,Woods,WR,PIT,,2025-08-19 14:37:57,2025-08-19 14:37:57
348,Adonai Mitchell,Adonai,Mitchell,WR,IND,,2025-08-19 14:37:57,2025-08-19 14:37:57
349,Van Jefferson,Van,Jefferson,WR,TEN,,2025-08-19 14:37:57,2025-08-19 14:37:57
350,Pat Bryant,Pat,Bryant,WR,DEN,,2025-08-19 14:37:57,2025-08-19 14:37:57
351,Chig Okonkwo,Chig,Okonkwo,TE,TEN,,2025-08-19 14:37:57,2025-08-19 14:37:57
352,Dontayvion Wicks,Dontayvion,Wicks,WR,GB,,2025-08-19 14:37:57,2025-08-19 14:37:57
353,Tyler Higbee,Tyler,Higbee,TE,LAR,,2025-08-19 14:37:57,2025-08-19 14:37:57
354,Rams ,Rams ,,DST,LAR,,2025-08-19 14:37:57,2025-08-19 14:37:57
355,Kendrick Bourne,Kendrick,Bourne,WR,NE,,2025-08-19 14:37:57,2025-08-19 14:37:57
356,Josh Reynolds,Josh,Reynolds,WR,NYJ,,2025-08-19 14:37:57,2025-08-19 14:37:57
357,Steelers ,Steelers ,,DST,PIT,,2025-08-19 14:37:57,2025-08-19 14:37:57
358,Zay Jones,Zay,Jones,WR,ARI,,2025-08-19 14:37:57,2025-08-19 14:37:57
359,Juwan Johnson,Juwan,Johnson,TE,NO,,2025-08-19 14:37:57,2025-08-19 14:37:57
360,Brenton Strange,Brenton,Strange,TE,JAX,,2025-08-19 14:37:57,2025-08-19 14:37:57
361,Xavier Restrepo,Xavier,Restrepo,WR,TEN,,2025-08-19 14:37:57,2025-08-19 14:37:57
362,Jordan Watkins,Jordan,Watkins,WR,SF,,2025-08-19 14:37:57,2025-08-19 14:37:57
363,Savion Williams,Savion,Williams,WR,GB,,2025-08-19 14:37:57,2025-08-19 14:37:57
364,Pat Freiermuth,Pat,Freiermuth,TE,PIT,,2025-08-19 14:37:57,2025-08-19 14:37:57
365,KhaDarel Hodge,KhaDarel,Hodge,WR,ATL,,2025-08-19 14:37:57,2025-08-19 14:37:57
366,Malik Washington,Malik,Washington,WR,MIA,,2025-08-19 14:37:57,2025-08-19 14:37:57
367,Michael Gallup,Michael,Gallup,WR,WAS,,2025-08-19 14:37:57,2025-08-19 14:37:57
368,Hunter Renfrow,Hunter,Renfrow,WR,CAR,,2025-08-19 14:37:57,2025-08-19 14:37:57
369,Jaguars ,Jaguars ,,DST,JAX,,2025-08-19 14:37:57,2025-08-19 14:37:57
370,Treylon Burks,Treylon,Burks,WR,TEN,,2025-08-19 14:37:57,2025-08-19 14:37:57
371,Kalif Raymond,Kalif,Raymond,WR,DET,,2025-08-19 14:37:57,2025-08-19 14:37:57
372,Tank Dell,Tank,Dell,WR,HOU,,2025-08-19 14:37:57,2025-08-19 14:37:57
373,Terrance Ferguson,Terrance,Ferguson,TE,LAR,,2025-08-19 14:37:57,2025-08-19 14:37:57
374,Tre Tucker,Tre,Tucker,WR,LV,,2025-08-19 14:37:57,2025-08-19 14:37:57
375,Mack Hollins,Mack,Hollins,WR,NE,,2025-08-19 14:37:57,2025-08-19 14:37:57
376,Patriots ,Patriots ,,DST,NE,,2025-08-19 14:37:57,2025-08-19 14:37:57
377,Mason Taylor,Mason,Taylor,TE,NYJ,,2025-08-19 14:37:57,2025-08-19 14:37:57
378,Sterling Shepard,Sterling,Shepard,WR,TB,,2025-08-19 14:37:57,2025-08-19 14:37:57
379,Bub Means,Bub,Means,WR,NO,,2025-08-19 14:37:57,2025-08-19 14:37:57
380,Noah Brown,Noah,Brown,WR,WAS,,2025-08-19 14:37:57,2025-08-19 14:37:57
381,Jermaine Burton,Jermaine,Burton,WR,CIN,,2025-08-19 14:37:57,2025-08-19 14:37:57
382,Harold Fannin Jr.,Harold,Fannin Jr.,TE,CLE,,2025-08-19 14:37:57,2025-08-19 14:37:57
383,Elic Ayomanor,Elic,Ayomanor,WR,TEN,,2025-08-19 14:37:57,2025-08-19 14:37:57
384,Isaac TeSlaa,Isaac,TeSlaa,WR,DET,,2025-08-19 14:37:57,2025-08-19 14:37:57
385,Jordan Whittington,Jordan,Whittington,WR,LAR,,2025-08-19 14:37:57,2025-08-19 14:37:57
386,Donovan Peoples-Jones,Donovan,Peoples-Jones,WR,NO,,2025-08-19 14:37:57,2025-08-19 14:37:57
387,Quintez Cephus,Quintez,Cephus,WR,HOU,,2025-08-19 14:37:57,2025-08-19 14:37:57
388,Isaiah Neyor,Isaiah,Neyor,WR,GB,,2025-08-19 14:37:57,2025-08-19 14:37:57
389,Phillip Dorsett II,Phillip,Dorsett II,WR,LV,,2025-08-19 14:37:57,2025-08-19 14:37:57
390,Seth Williams,Seth,Williams,WR,LV,,2025-08-19 14:37:57,2025-08-19 14:37:57
391,Ja'Lynn Polk,Ja'Lynn,Polk,WR,NE,,2025-08-19 14:37:57,2025-08-19 14:37:57
392,Javon Baker,Javon,Baker,WR,NE,,2025-08-19 14:37:57,2025-08-19 14:37:57
393,Efton Chism III,Efton,Chism III,WR,NE,,2025-08-19 14:37:57,2025-08-19 14:37:57
394,John Jiles,John,Jiles,WR,NE,,2025-08-19 14:37:57,2025-08-19 14:37:57
395,DeMeer Blankumsee,DeMeer,Blankumsee,WR,NE,,2025-08-19 14:37:57,2025-08-19 14:37:57
396,Jeremiah Webb,Jeremiah,Webb,WR,NE,,2025-08-19 14:37:57,2025-08-19 14:37:57
397,Tommy Mellott,Tommy,Mellott,WR,LV,,2025-08-19 14:37:57,2025-08-19 14:37:57
398,Alex Bachman,Alex,Bachman,WR,LV,,2025-08-19 14:37:57,2025-08-19 14:37:57
399,Collin Johnson,Collin,Johnson,WR,LV,,2025-08-19 14:37:57,2025-08-19 14:37:57
400,Kyle Philips,Kyle,Philips,WR,LV,,2025-08-19 14:37:57,2025-08-19 14:37:57
401,Shedrick Jackson,Shedrick,Jackson,WR,LV,,2025-08-19 14:37:57,2025-08-19 14:37:57
402,Ketron Jackson Jr.,Ketron,Jackson Jr.,WR,LV,,2025-08-19 14:37:57,2025-08-19 14:37:57
403,Michael Mayer,Michael,Mayer,TE,LV,,2025-08-19 14:37:57,2025-08-19 14:37:57
404,Roman Wilson,Roman,Wilson,WR,PIT,,2025-08-19 14:37:57,2025-08-19 14:37:57
405,Scotty Miller,Scotty,Miller,WR,PIT,,2025-08-19 14:37:57,2025-08-19 14:37:57
406,Ben Skowronek,Ben,Skowronek,WR,PIT,,2025-08-19 14:37:57,2025-08-19 14:37:57
407,Brandon Johnson,Brandon,Johnson,WR,PIT,,2025-08-19 14:37:57,2025-08-19 14:37:57
408,Lance McCutcheon,Lance,McCutcheon,WR,PIT,,2025-08-19 14:37:57,2025-08-19 14:37:57
409,Roc Taylor,Roc,Taylor,WR,PIT,,2025-08-19 14:37:57,2025-08-19 14:37:57
410,Ke'Shawn Williams,Ke'Shawn,Williams,WR,PIT,,2025-08-19 14:37:57,2025-08-19 14:37:57
411,Montana Lemonious-Craig,Montana,Lemonious-Craig,WR,PIT,,2025-08-19 14:37:57,2025-08-19 14:37:57
412,Malachi Corley,Malachi,Corley,WR,NYJ,,2025-08-19 14:37:58,2025-08-19 14:37:58
413,Arian Smith,Arian,Smith,WR,NYJ,,2025-08-19 14:37:58,2025-08-19 14:37:58
414,Tyler Johnson,Tyler,Johnson,WR,NYJ,,2025-08-19 14:37:58,2025-08-19 14:37:58
415,Xavier Gipson,Xavier,Gipson,WR,NYJ,,2025-08-19 14:37:58,2025-08-19 14:37:58
416,Irvin Charles,Irvin,Charles,WR,NYJ,,2025-08-19 14:37:58,2025-08-19 14:37:58
417,Brandon Smith,Brandon,Smith,WR,NYJ,,2025-08-19 14:37:58,2025-08-19 14:37:58
418,Ontaria Wilson,Ontaria,Wilson,WR,NYJ,,2025-08-19 14:37:58,2025-08-19 14:37:58
419,Dymere Miller,Dymere,Miller,WR,NYJ,,2025-08-19 14:37:58,2025-08-19 14:37:58
420,Jamaal Pritchett,Jamaal,Pritchett,WR,NYJ,,2025-08-19 14:37:58,2025-08-19 14:37:58
421,Quentin Skinner,Quentin,Skinner,WR,NYJ,,2025-08-19 14:37:58,2025-08-19 14:37:58
422,Trey Palmer,Trey,Palmer,WR,TB,,2025-08-19 14:37:58,2025-08-19 14:37:58
423,Tez Johnson,Tez,Johnson,WR,TB,,2025-08-19 14:37:58,2025-08-19 14:37:58
424,Ryan Miller,Ryan,Miller,WR,TB,,2025-08-19 14:37:58,2025-08-19 14:37:58
425,Rakim Jarrett,Rakim,Jarrett,WR,TB,,2025-08-19 14:37:58,2025-08-19 14:37:58
426,Kameron Johnson,Kameron,Johnson,WR,TB,,2025-08-19 14:37:58,2025-08-19 14:37:58
427,Dennis Houston,Dennis,Houston,WR,TB,,2025-08-19 14:37:58,2025-08-19 14:37:58
428,Garrett Greene,Garrett,Greene,WR,TB,,2025-08-19 14:37:58,2025-08-19 14:37:58
429,Casey Washington,Casey,Washington,WR,ATL,,2025-08-19 14:37:58,2025-08-19 14:37:58
430,Jamal Agnew,Jamal,Agnew,WR,ATL,,2025-08-19 14:37:58,2025-08-19 14:37:58
431,Chris Blair,Chris,Blair,WR,ATL,,2025-08-19 14:37:58,2025-08-19 14:37:58
432,Dylan Drummond,Dylan,Drummond,WR,ATL,,2025-08-19 14:37:58,2025-08-19 14:37:58
433,Jesse Matthews,Jesse,Matthews,WR,ATL,,2025-08-19 14:37:58,2025-08-19 14:37:58
434,David Sills V,David,Sills V,WR,ATL,,2025-08-19 14:37:58,2025-08-19 14:37:58
435,Nick Nash,Nick,Nash,WR,ATL,,2025-08-19 14:37:58,2025-08-19 14:37:58
436,Makai Polk,Makai,Polk,WR,ATL,,2025-08-19 14:37:58,2025-08-19 14:37:58
437,Quincy Skinner Jr.,Quincy,Skinner Jr.,WR,ATL,,2025-08-19 14:37:58,2025-08-19 14:37:58
438,Buccaneers ,Buccaneers ,,DST,TB,,2025-08-19 14:37:58,2025-08-19 14:37:58
439,Dee Eskridge,Dee,Eskridge,WR,MIA,,2025-08-19 14:37:58,2025-08-19 14:37:58
440,Erik Ezukanma,Erik,Ezukanma,WR,MIA,,2025-08-19 14:37:58,2025-08-19 14:37:58
441,Tahj Washington,Tahj,Washington,WR,MIA,,2025-08-19 14:37:58,2025-08-19 14:37:58
442,Tarik Black,Tarik,Black,WR,MIA,,2025-08-19 14:37:58,2025-08-19 14:37:58
443,Theo Wease Jr.,Theo,Wease Jr.,WR,MIA,,2025-08-19 14:37:58,2025-08-19 14:37:58
444,Andrew Armstrong,Andrew,Armstrong,WR,MIA,,2025-08-19 14:37:58,2025-08-19 14:37:58
445,Monaray Baldwin,Monaray,Baldwin,WR,MIA,,2025-08-19 14:37:58,2025-08-19 14:37:58
446,A.J. Henning,A.J.,Henning,WR,MIA,,2025-08-19 14:37:58,2025-08-19 14:37:58
447,Ashton Dulin,Ashton,Dulin,WR,IND,,2025-08-19 14:37:58,2025-08-19 14:37:58
448,Anthony Gould,Anthony,Gould,WR,IND,,2025-08-19 14:37:58,2025-08-19 14:37:58
449,Laquon Treadwell,Laquon,Treadwell,WR,IND,,2025-08-19 14:37:58,2025-08-19 14:37:58
450,D.J. Montgomery,D.J.,Montgomery,WR,IND,,2025-08-19 14:37:58,2025-08-19 14:37:58
451,Ajou Ajou,Ajou,Ajou,WR,IND,,2025-08-19 14:37:58,2025-08-19 14:37:58
452,Blayne Taylor,Blayne,Taylor,WR,IND,,2025-08-19 14:37:58,2025-08-19 14:37:58
453,Landon Parker,Landon,Parker,WR,IND,,2025-08-19 14:37:58,2025-08-19 14:37:58
454,Coleman Owen,Coleman,Owen,WR,IND,,2025-08-19 14:37:58,2025-08-19 14:37:58
455,Tyler Kahmann,Tyler,Kahmann,WR,IND,,2025-08-19 14:37:58,2025-08-19 14:37:58
456,Cedrick Wilson Jr.,Cedrick,Wilson Jr.,WR,NO,,2025-08-19 14:37:58,2025-08-19 14:37:58
457,Kevin Austin Jr.,Kevin,Austin Jr.,WR,NO,,2025-08-19 14:37:58,2025-08-19 14:37:58
458,Simi Fehoko,Simi,Fehoko,WR,ARI,,2025-08-19 14:37:58,2025-08-19 14:37:58
459,Xavier Weaver,Xavier,Weaver,WR,ARI,,2025-08-19 14:37:58,2025-08-19 14:37:58
460,Andre Baccellia,Andre,Baccellia,WR,ARI,,2025-08-19 14:37:58,2025-08-19 14:37:58
461,Tejhaun Palmer,Tejhaun,Palmer,WR,ARI,,2025-08-19 14:37:58,2025-08-19 14:37:58
462,Quez Watkins,Quez,Watkins,WR,ARI,,2025-08-19 14:37:58,2025-08-19 14:37:58
463,Trishton Jackson,Trishton,Jackson,WR,ARI,,2025-08-19 14:37:58,2025-08-19 14:37:58
464,Bryson Green,Bryson,Green,WR,ARI,,2025-08-19 14:37:58,2025-08-19 14:37:58
465,Dante Pettis,Dante,Pettis,WR,NO,,2025-08-19 14:37:58,2025-08-19 14:37:58
466,Mason Tipton,Mason,Tipton,WR,NO,,2025-08-19 14:37:58,2025-08-19 14:37:58
467,Moochie Dixon,Moochie,Dixon,WR,NO,,2025-08-19 14:37:58,2025-08-19 14:37:58
468,Chris Tyree,Chris,Tyree,WR,NO,,2025-08-19 14:37:58,2025-08-19 14:37:58
469,Tay Martin,Tay,Martin,WR,WAS,,2025-08-19 14:37:58,2025-08-19 14:37:58
470,K.J. Osborn,K.J.,Osborn,WR,WAS,,2025-08-19 14:37:58,2025-08-19 14:37:58
471,Chris Moore,Chris,Moore,WR,WAS,,2025-08-19 14:37:58,2025-08-19 14:37:58
472,Mike Strachan,Mike,Strachan,WR,WAS,,2025-08-19 14:37:58,2025-08-19 14:37:58
473,Ja'Corey Brooks,Ja'Corey,Brooks,WR,WAS,,2025-08-19 14:37:58,2025-08-19 14:37:58
474,Jacoby Jones,Jacoby,Jones,WR,WAS,,2025-08-19 14:37:58,2025-08-19 14:37:58
475,Jalin Hyatt,Jalin,Hyatt,WR,NYG,,2025-08-19 14:37:58,2025-08-19 14:37:58
476,Lil'Jordan Humphrey,Lil'Jordan,Humphrey,WR,NYG,,2025-08-19 14:37:58,2025-08-19 14:37:58
477,Zach Pascal,Zach,Pascal,WR,NYG,,2025-08-19 14:37:58,2025-08-19 14:37:58
478,Ihmir Smith-Marsette,Ihmir,Smith-Marsette,WR,NYG,,2025-08-19 14:37:58,2025-08-19 14:37:58
479,Bryce Ford-Wheaton,Bryce,Ford-Wheaton,WR,NYG,,2025-08-19 14:37:58,2025-08-19 14:37:58
480,Montrell Washington,Montrell,Washington,WR,NYG,,2025-08-19 14:37:58,2025-08-19 14:37:58
481,Da'Quan Felton,Da'Quan,Felton,WR,NYG,,2025-08-19 14:37:58,2025-08-19 14:37:58
482,Beaux Collins,Beaux,Collins,WR,NYG,,2025-08-19 14:37:58,2025-08-19 14:37:58
483,Juice Wells Jr.,Juice,Wells Jr.,WR,NYG,,2025-08-19 14:37:58,2025-08-19 14:37:58
484,Jordan Bly,Jordan,Bly,WR,NYG,,2025-08-19 14:37:58,2025-08-19 14:37:58
485,Dalen Cambre,Dalen,Cambre,WR,NYG,,2025-08-19 14:37:58,2025-08-19 14:37:58
486,Theo Johnson,Theo,Johnson,TE,NYG,,2025-08-19 14:37:58,2025-08-19 14:37:58
487,David Moore,David,Moore,WR,CAR,,2025-08-19 14:37:58,2025-08-19 14:37:58
488,Joshua Cephus,Joshua,Cephus,WR,JAX,,2025-08-19 14:37:58,2025-08-19 14:37:58
489,Austin Trammell,Austin,Trammell,WR,JAX,,2025-08-19 14:37:58,2025-08-19 14:37:58
490,Trenton Irwin,Trenton,Irwin,WR,JAX,,2025-08-19 14:37:58,2025-08-19 14:37:58
491,Louis Rees-Zammit,Louis,Rees-Zammit,WR,JAX,,2025-08-19 14:37:58,2025-08-19 14:37:58
492,Chandler Brayboy,Chandler,Brayboy,WR,JAX,,2025-08-19 14:37:58,2025-08-19 14:37:58
493,Eli Pancol,Eli,Pancol,WR,JAX,,2025-08-19 14:37:58,2025-08-19 14:37:58
494,Cam Camper,Cam,Camper,WR,JAX,,2025-08-19 14:37:58,2025-08-19 14:37:58
495,Dorian Singer,Dorian,Singer,WR,JAX,,2025-08-19 14:37:58,2025-08-19 14:37:58
496,Darius Lassiter,Darius,Lassiter,WR,JAX,,2025-08-19 14:37:58,2025-08-19 14:37:58
497,J.J. Jones,J.J.,Jones,WR,JAX,,2025-08-19 14:37:58,2025-08-19 14:37:58
498,Jimmy Horn Jr.,Jimmy,Horn Jr.,WR,CAR,,2025-08-19 14:37:58,2025-08-19 14:37:58
499,Dan Chisena,Dan,Chisena,WR,CAR,,2025-08-19 14:37:58,2025-08-19 14:37:58
500,Brycen Tremayne,Brycen,Tremayne,WR,CAR,,2025-08-19 14:37:58,2025-08-19 14:37:58
501,T.J. Luther,T.J.,Luther,WR,CAR,,2025-08-19 14:37:58,2025-08-19 14:37:58
502,Kobe Hudson,Kobe,Hudson,WR,CAR,,2025-08-19 14:37:58,2025-08-19 14:37:58
503,Jacolby George,Jacolby,George,WR,CAR,,2025-08-19 14:37:58,2025-08-19 14:37:58
504,David Bell,David,Bell,WR,CLE,,2025-08-19 14:37:58,2025-08-19 14:37:58
505,Jamari Thrash,Jamari,Thrash,WR,CLE,,2025-08-19 14:37:58,2025-08-19 14:37:58
506,Michael Woods II,Michael,Woods II,WR,CLE,,2025-08-19 14:37:58,2025-08-19 14:37:58
507,DeAndre Carter,DeAndre,Carter,WR,CLE,,2025-08-19 14:37:58,2025-08-19 14:37:58
508,Kaden Davis,Kaden,Davis,WR,CLE,,2025-08-19 14:37:58,2025-08-19 14:37:58
509,Luke Floriea,Luke,Floriea,WR,CLE,,2025-08-19 14:37:58,2025-08-19 14:37:58
510,Gage Larvadain,Gage,Larvadain,WR,CLE,,2025-08-19 14:37:58,2025-08-19 14:37:58
511,Kisean Johnson,Kisean,Johnson,WR,CLE,,2025-08-19 14:37:58,2025-08-19 14:37:58
512,Cade McDonald,Cade,McDonald,WR,CLE,,2025-08-19 14:37:58,2025-08-19 14:37:58
513,Charlie Jones,Charlie,Jones,WR,CIN,,2025-08-19 14:37:58,2025-08-19 14:37:58
514,Kendric Pryor,Kendric,Pryor,WR,CIN,,2025-08-19 14:37:58,2025-08-19 14:37:58
515,Isaiah Williams,Isaiah,Williams,WR,CIN,,2025-08-19 14:37:58,2025-08-19 14:37:58
516,Cole Burgess,Cole,Burgess,WR,CIN,,2025-08-19 14:37:58,2025-08-19 14:37:58
517,Mitchell Tinsley,Mitchell,Tinsley,WR,CIN,,2025-08-19 14:37:58,2025-08-19 14:37:58
518,Rashod Owens,Rashod,Owens,WR,CIN,,2025-08-19 14:37:58,2025-08-19 14:37:58
519,Jordan Moore,Jordan,Moore,WR,CIN,,2025-08-19 14:37:58,2025-08-19 14:37:58
520,Jamoi Mayes,Jamoi,Mayes,WR,CIN,,2025-08-19 14:37:58,2025-08-19 14:37:58
521,Chimere Dike,Chimere,Dike,WR,TEN,,2025-08-19 14:37:58,2025-08-19 14:37:58
522,Mason Kinsey,Mason,Kinsey,WR,TEN,,2025-08-19 14:37:58,2025-08-19 14:37:58
523,James Proche II,James,Proche II,WR,TEN,,2025-08-19 14:37:58,2025-08-19 14:37:58
524,Jha'Quan Jackson,Jha'Quan,Jackson,WR,TEN,,2025-08-19 14:37:58,2025-08-19 14:37:58
525,Colton Dowell,Colton,Dowell,WR,TEN,,2025-08-19 14:37:58,2025-08-19 14:37:58
526,Bryce Oliver,Bryce,Oliver,WR,TEN,,2025-08-19 14:37:58,2025-08-19 14:37:58
527,TJ Sheffield,TJ,Sheffield,WR,TEN,,2025-08-19 14:37:58,2025-08-19 14:37:58
528,Trent Sherfield Sr.,Trent,Sherfield Sr.,WR,DEN,,2025-08-19 14:37:58,2025-08-19 14:37:58
529,A.T. Perry,A.T.,Perry,WR,DEN,,2025-08-19 14:37:58,2025-08-19 14:37:58
530,Michael Bandy,Michael,Bandy,WR,DEN,,2025-08-19 14:37:58,2025-08-19 14:37:58
531,Joaquin Davis,Joaquin,Davis,WR,DEN,,2025-08-19 14:37:58,2025-08-19 14:37:58
532,Courtney Jackson,Courtney,Jackson,WR,DEN,,2025-08-19 14:37:58,2025-08-19 14:37:58
533,Jerjuan Newton,Jerjuan,Newton,WR,DEN,,2025-08-19 14:37:58,2025-08-19 14:37:58
534,Kyrese Rowan,Kyrese,Rowan,WR,DEN,,2025-08-19 14:37:58,2025-08-19 14:37:58
535,Equanimeous St. Brown,Equanimeous,St. Brown,WR,SF,,2025-08-19 14:37:58,2025-08-19 14:37:58
536,John Rhys Plumlee,John,Rhys Plumlee,WR,SEA,,2025-08-19 14:37:58,2025-08-19 14:37:58
537,Tory Horton,Tory,Horton,WR,SEA,,2025-08-19 14:37:58,2025-08-19 14:37:58
538,Jake Bobo,Jake,Bobo,WR,SEA,,2025-08-19 14:37:58,2025-08-19 14:37:58
539,Ricky White III,Ricky,White III,WR,SEA,,2025-08-19 14:37:58,2025-08-19 14:37:58
540,Steven Sims,Steven,Sims,WR,SEA,,2025-08-19 14:37:58,2025-08-19 14:37:58
541,Dareke Young,Dareke,Young,WR,SEA,,2025-08-19 14:37:58,2025-08-19 14:37:58
542,Cody White,Cody,White,WR,SEA,,2025-08-19 14:37:58,2025-08-19 14:37:58
543,Tyrone Broden,Tyrone,Broden,WR,SEA,,2025-08-19 14:37:58,2025-08-19 14:37:58
544,Montorie Foster Jr.,Montorie,Foster Jr.,WR,SEA,,2025-08-19 14:37:58,2025-08-19 14:37:58
545,Junior Bergen,Junior,Bergen,WR,SF,,2025-08-19 14:37:58,2025-08-19 14:37:58
546,Russell Gage Jr.,Russell,Gage Jr.,WR,SF,,2025-08-19 14:37:58,2025-08-19 14:37:58
547,Terique Owens,Terique,Owens,WR,SF,,2025-08-19 14:37:58,2025-08-19 14:37:58
548,Isaiah Hodgins,Isaiah,Hodgins,WR,SF,,2025-08-19 14:37:58,2025-08-19 14:37:58
549,Malik Knowles,Malik,Knowles,WR,SF,,2025-08-19 14:37:58,2025-08-19 14:37:58
550,Trent Taylor,Trent,Taylor,WR,SF,,2025-08-19 14:37:58,2025-08-19 14:37:58
551,Will Sheppard,Will,Sheppard,WR,GB,,2025-08-19 14:37:58,2025-08-19 14:37:58
552,Malik Heath,Malik,Heath,WR,GB,,2025-08-19 14:37:58,2025-08-19 14:37:58
553,Bo Melton,Bo,Melton,WR,GB,,2025-08-19 14:37:58,2025-08-19 14:37:58
554,Mecole Hardman,Mecole,Hardman,WR,GB,,2025-08-19 14:37:58,2025-08-19 14:37:58
555,Julian Hicks,Julian,Hicks,WR,GB,,2025-08-19 14:37:58,2025-08-19 14:37:58
556,Cornelius Johnson,Cornelius,Johnson,WR,GB,,2025-08-19 14:37:58,2025-08-19 14:37:58
557,Sam Brown Jr.,Sam,Brown Jr.,WR,GB,,2025-08-19 14:37:58,2025-08-19 14:37:58
558,Dominic Lovett,Dominic,Lovett,WR,DET,,2025-08-19 14:37:58,2025-08-19 14:37:58
559,Tom Kennedy,Tom,Kennedy,WR,DET,,2025-08-19 14:37:58,2025-08-19 14:37:58
560,Ronnie Bell,Ronnie,Bell,WR,DET,,2025-08-19 14:37:58,2025-08-19 14:37:58
561,Malik Taylor,Malik,Taylor,WR,DET,,2025-08-19 14:37:58,2025-08-19 14:37:58
562,Jackson Meeks,Jackson,Meeks,WR,DET,,2025-08-19 14:37:58,2025-08-19 14:37:58
563,Jakobie Keeney-James,Jakobie,Keeney-James,WR,DET,,2025-08-19 14:37:58,2025-08-19 14:37:58
564,Xavier Hutchinson,Xavier,Hutchinson,WR,HOU,,2025-08-19 14:37:58,2025-08-19 14:37:58
565,Konata Mumpfield,Konata,Mumpfield,WR,LAR,,2025-08-19 14:37:58,2025-08-19 14:37:58
566,Xavier Smith,Xavier,Smith,WR,LAR,,2025-08-19 14:37:58,2025-08-19 14:37:58
567,Britain Covey,Britain,Covey,WR,LAR,,2025-08-19 14:37:59,2025-08-19 14:37:59
568,Tru Edwards,Tru,Edwards,WR,LAR,,2025-08-19 14:37:59,2025-08-19 14:37:59
569,Brennan Presley,Brennan,Presley,WR,LAR,,2025-08-19 14:37:59,2025-08-19 14:37:59
570,Mario Williams,Mario,Williams,WR,LAR,,2025-08-19 14:37:59,2025-08-19 14:37:59
571,Drake Stoops,Drake,Stoops,WR,LAR,,2025-08-19 14:37:59,2025-08-19 14:37:59
572,Justin Watson,Justin,Watson,WR,HOU,,2025-08-19 14:37:59,2025-08-19 14:37:59
573,Braxton Berrios,Braxton,Berrios,WR,HOU,,2025-08-19 14:37:59,2025-08-19 14:37:59
574,Jared Wayne,Jared,Wayne,WR,HOU,,2025-08-19 14:37:59,2025-08-19 14:37:59
575,Johnny Johnson III,Johnny,Johnson III,WR,HOU,,2025-08-19 14:37:59,2025-08-19 14:37:59
576,Xavier Johnson,Xavier,Johnson,WR,HOU,,2025-08-19 14:37:59,2025-08-19 14:37:59
577,Daniel Jackson,Daniel,Jackson,WR,HOU,,2025-08-19 14:37:59,2025-08-19 14:37:59
578,Austin Hooper,Austin,Hooper,TE,NE,,2025-08-19 14:37:59,2025-08-19 14:37:59
579,Ja'Tavion Sanders,Ja'Tavion,Sanders,TE,CAR,,2025-08-19 14:37:59,2025-08-19 14:37:59
580,49ers ,49ers ,,DST,SF,,2025-08-19 14:37:59,2025-08-19 14:37:59
581,Packers ,Packers ,,DST,GB,,2025-08-19 14:37:59,2025-08-19 14:37:59
582,Jets ,Jets ,,DST,NYJ,,2025-08-19 14:37:59,2025-08-19 14:37:59
583,Colts ,Colts ,,DST,IND,,2025-08-19 14:37:59,2025-08-19 14:37:59
584,Adam Trautman,Adam,Trautman,TE,DEN,,2025-08-19 14:37:59,2025-08-19 14:37:59
585,AJ Barner,AJ,Barner,TE,SEA,,2025-08-19 14:37:59,2025-08-19 14:37:59
586,Luke Musgrave,Luke,Musgrave,TE,GB,,2025-08-19 14:37:59,2025-08-19 14:37:59
587,Julian Hill,Julian,Hill,TE,MIA,,2025-08-19 14:37:59,2025-08-19 14:37:59
588,Dolphins ,Dolphins ,,DST,MIA,,2025-08-19 14:37:59,2025-08-19 14:37:59
589,Foster Moreau,Foster,Moreau,TE,NO,,2025-08-19 14:37:59,2025-08-19 14:37:59
590,Elijah Arroyo,Elijah,Arroyo,TE,SEA,,2025-08-19 14:37:59,2025-08-19 14:37:59
591,Lions ,Lions ,,DST,DET,,2025-08-19 14:37:59,2025-08-19 14:37:59
592,Raiders ,Raiders ,,DST,LV,,2025-08-19 14:37:59,2025-08-19 14:37:59
593,Payne Durham,Payne,Durham,TE,TB,,2025-08-19 14:37:59,2025-08-19 14:37:59
594,Falcons ,Falcons ,,DST,ATL,,2025-08-19 14:37:59,2025-08-19 14:37:59
595,Gunnar Helm,Gunnar,Helm,TE,TEN,,2025-08-19 14:37:59,2025-08-19 14:37:59
596,Cade Stover,Cade,Stover,TE,HOU,,2025-08-19 14:37:59,2025-08-19 14:37:59
597,Mason Pline,Mason,Pline,TE,NO,,2025-08-19 14:37:59,2025-08-19 14:37:59
598,Albert Okwuegbunam Jr.,Albert,Okwuegbunam Jr.,TE,LV,,2025-08-19 14:37:59,2025-08-19 14:37:59
599,Jaheim Bell,Jaheim,Bell,TE,NE,,2025-08-19 14:37:59,2025-08-19 14:37:59
600,Jack Westover,Jack,Westover,TE,NE,,2025-08-19 14:37:59,2025-08-19 14:37:59
601,CJ Dippre,CJ,Dippre,TE,NE,,2025-08-19 14:37:59,2025-08-19 14:37:59
602,Gee Scott Jr.,Gee,Scott Jr.,TE,NE,,2025-08-19 14:37:59,2025-08-19 14:37:59
603,Ian Thomas,Ian,Thomas,TE,LV,,2025-08-19 14:37:59,2025-08-19 14:37:59
604,Justin Shorter,Justin,Shorter,TE,LV,,2025-08-19 14:37:59,2025-08-19 14:37:59
605,Qadir Ismail,Qadir,Ismail,TE,LV,,2025-08-19 14:37:59,2025-08-19 14:37:59
606,Carter Runyon,Carter,Runyon,TE,LV,,2025-08-19 14:37:59,2025-08-19 14:37:59
607,Pat Conroy,Pat,Conroy,TE,LV,,2025-08-19 14:37:59,2025-08-19 14:37:59
608,Stone Smartt,Stone,Smartt,TE,NYJ,,2025-08-19 14:37:59,2025-08-19 14:37:59
609,Darnell Washington,Darnell,Washington,TE,PIT,,2025-08-19 14:37:59,2025-08-19 14:37:59
610,Connor Heyward,Connor,Heyward,TE,PIT,,2025-08-19 14:37:59,2025-08-19 14:37:59
611,JJ Galbreath,JJ,Galbreath,TE,PIT,,2025-08-19 14:37:59,2025-08-19 14:37:59
612,Donald Parham Jr.,Donald,Parham Jr.,TE,PIT,,2025-08-19 14:37:59,2025-08-19 14:37:59
613,DJ Thomas-Jones,DJ,Thomas-Jones,TE,PIT,,2025-08-19 14:37:59,2025-08-19 14:37:59
614,Jeremy Ruckert,Jeremy,Ruckert,TE,NYJ,,2025-08-19 14:37:59,2025-08-19 14:37:59
615,Zack Kuntz,Zack,Kuntz,TE,NYJ,,2025-08-19 14:37:59,2025-08-19 14:37:59
616,Neal Johnson,Neal,Johnson,TE,NYJ,,2025-08-19 14:37:59,2025-08-19 14:37:59
617,Devin Culp,Devin,Culp,TE,TB,,2025-08-19 14:37:59,2025-08-19 14:37:59
618,Ko Kieft,Ko,Kieft,TE,TB,,2025-08-19 14:37:59,2025-08-19 14:37:59
619,Tanner Taula,Tanner,Taula,TE,TB,,2025-08-19 14:37:59,2025-08-19 14:37:59
620,Evan Deckers,Evan,Deckers,TE,TB,,2025-08-19 14:37:59,2025-08-19 14:37:59
621,Charlie Woerner,Charlie,Woerner,TE,ATL,,2025-08-19 14:37:59,2025-08-19 14:37:59
622,Feleipe Franks,Feleipe,Franks,TE,ATL,,2025-08-19 14:37:59,2025-08-19 14:37:59
623,Teagan Quitoriano,Teagan,Quitoriano,TE,ATL,,2025-08-19 14:37:59,2025-08-19 14:37:59
624,Nikola Kalinic,Nikola,Kalinic,TE,ATL,,2025-08-19 14:37:59,2025-08-19 14:37:59
625,Joshua Simon,Joshua,Simon,TE,ATL,,2025-08-19 14:37:59,2025-08-19 14:37:59
626,Pharaoh Brown,Pharaoh,Brown,TE,MIA,,2025-08-19 14:37:59,2025-08-19 14:37:59
627,Tanner Conner,Tanner,Conner,TE,MIA,,2025-08-19 14:37:59,2025-08-19 14:37:59
628,Hayden Rucci,Hayden,Rucci,TE,MIA,,2025-08-19 14:37:59,2025-08-19 14:37:59
629,Jalin Conyers,Jalin,Conyers,TE,MIA,,2025-08-19 14:37:59,2025-08-19 14:37:59
630,Mo Alie-Cox,Mo,Alie-Cox,TE,IND,,2025-08-19 14:37:59,2025-08-19 14:37:59
631,Drew Ogletree,Drew,Ogletree,TE,IND,,2025-08-19 14:37:59,2025-08-19 14:37:59
632,Jelani Woods,Jelani,Woods,TE,IND,,2025-08-19 14:37:59,2025-08-19 14:37:59
633,Will Mallory,Will,Mallory,TE,IND,,2025-08-19 14:37:59,2025-08-19 14:37:59
634,Sean McKeon,Sean,McKeon,TE,IND,,2025-08-19 14:37:59,2025-08-19 14:37:59
635,Maximilian Mang,Maximilian,Mang,TE,IND,,2025-08-19 14:37:59,2025-08-19 14:37:59
636,Tip Reiman,Tip,Reiman,TE,ARI,,2025-08-19 14:37:59,2025-08-19 14:37:59
637,Elijah Higgins,Elijah,Higgins,TE,ARI,,2025-08-19 14:37:59,2025-08-19 14:37:59
638,Josiah Deguara,Josiah,Deguara,TE,ARI,,2025-08-19 14:37:59,2025-08-19 14:37:59
639,Travis Vokolek,Travis,Vokolek,TE,ARI,,2025-08-19 14:37:59,2025-08-19 14:37:59
640,Oscar Cardenas,Oscar,Cardenas,TE,ARI,,2025-08-19 14:37:59,2025-08-19 14:37:59
641,Jack Stoll,Jack,Stoll,TE,NO,,2025-08-19 14:37:59,2025-08-19 14:37:59
642,Moliki Matavao,Moliki,Matavao,TE,NO,,2025-08-19 14:37:59,2025-08-19 14:37:59
643,Michael Jacobson,Michael,Jacobson,TE,NO,,2025-08-19 14:37:59,2025-08-19 14:37:59
644,Seth Green,Seth,Green,TE,NO,,2025-08-19 14:37:59,2025-08-19 14:37:59
645,Treyton Welch,Treyton,Welch,TE,NO,,2025-08-19 14:37:59,2025-08-19 14:37:59
646,Zach Wood,Zach,Wood,TE,NO,,2025-08-19 14:37:59,2025-08-19 14:37:59
647,John Bates,John,Bates,TE,WAS,,2025-08-19 14:37:59,2025-08-19 14:37:59
648,Ben Sinnott,Ben,Sinnott,TE,WAS,,2025-08-19 14:37:59,2025-08-19 14:37:59
649,Colson Yankoff,Colson,Yankoff,TE,WAS,,2025-08-19 14:37:59,2025-08-19 14:37:59
650,Tyree Jackson,Tyree,Jackson,TE,WAS,,2025-08-19 14:37:59,2025-08-19 14:37:59
651,Lawrence Cager,Lawrence,Cager,TE,WAS,,2025-08-19 14:37:59,2025-08-19 14:37:59
652,Cole Turner,Cole,Turner,TE,WAS,,2025-08-19 14:37:59,2025-08-19 14:37:59
653,Tyler Ott,Tyler,Ott,TE,WAS,,2025-08-19 14:37:59,2025-08-19 14:37:59
654,Daniel Bellinger,Daniel,Bellinger,TE,NYG,,2025-08-19 14:37:59,2025-08-19 14:37:59
655,Chris Manhertz,Chris,Manhertz,TE,NYG,,2025-08-19 14:37:59,2025-08-19 14:37:59
656,Greg Dulcich,Greg,Dulcich,TE,NYG,,2025-08-19 14:37:59,2025-08-19 14:37:59
657,Thomas Fidone II,Thomas,Fidone II,TE,NYG,,2025-08-19 14:37:59,2025-08-19 14:37:59
658,Jermaine Terry II,Jermaine,Terry II,TE,NYG,,2025-08-19 14:37:59,2025-08-19 14:37:59
659,Tyler Mabry,Tyler,Mabry,TE,CAR,,2025-08-19 14:37:59,2025-08-19 14:37:59
660,Tommy Tremble,Tommy,Tremble,TE,CAR,,2025-08-19 14:37:59,2025-08-19 14:37:59
661,Hunter Long,Hunter,Long,TE,JAX,,2025-08-19 14:37:59,2025-08-19 14:37:59
662,Johnny Mundt,Johnny,Mundt,TE,JAX,,2025-08-19 14:37:59,2025-08-19 14:37:59
663,Quintin Morris,Quintin,Morris,TE,JAX,,2025-08-19 14:37:59,2025-08-19 14:37:59
664,Shawn Bowman,Shawn,Bowman,TE,JAX,,2025-08-19 14:37:59,2025-08-19 14:37:59
665,Patrick Herbert,Patrick,Herbert,TE,JAX,,2025-08-19 14:37:59,2025-08-19 14:37:59
666,John Copenhaver,John,Copenhaver,TE,JAX,,2025-08-19 14:37:59,2025-08-19 14:37:59
667,Mitchell Evans,Mitchell,Evans,TE,CAR,,2025-08-19 14:37:59,2025-08-19 14:37:59
668,Dominique Dafney,Dominique,Dafney,TE,CAR,,2025-08-19 14:37:59,2025-08-19 14:37:59
669,James Mitchell,James,Mitchell,TE,CAR,,2025-08-19 14:37:59,2025-08-19 14:37:59
670,Bryce Pierre,Bryce,Pierre,TE,CAR,,2025-08-19 14:37:59,2025-08-19 14:37:59
671,Blake Whiteheart,Blake,Whiteheart,TE,CLE,,2025-08-19 14:37:59,2025-08-19 14:37:59
672,Brenden Bates,Brenden,Bates,TE,CLE,,2025-08-19 14:37:59,2025-08-19 14:37:59
673,Sal Cannella,Sal,Cannella,TE,CLE,,2025-08-19 14:37:59,2025-08-19 14:37:59
674,Brent Matiscik,Brent,Matiscik,TE,CLE,,2025-08-19 14:37:59,2025-08-19 14:37:59
675,Drew Sample,Drew,Sample,TE,CIN,,2025-08-19 14:37:59,2025-08-19 14:37:59
676,Erick All Jr.,Erick,All Jr.,TE,CIN,,2025-08-19 14:37:59,2025-08-19 14:37:59
677,Tanner Hudson,Tanner,Hudson,TE,CIN,,2025-08-19 14:37:59,2025-08-19 14:37:59
678,Tanner McLachlan,Tanner,McLachlan,TE,CIN,,2025-08-19 14:37:59,2025-08-19 14:37:59
679,Cam Grandy,Cam,Grandy,TE,CIN,,2025-08-19 14:37:59,2025-08-19 14:37:59
680,Kole Taylor,Kole,Taylor,TE,CIN,,2025-08-19 14:37:59,2025-08-19 14:37:59
681,William Wagner,William,Wagner,TE,CIN,,2025-08-19 14:37:59,2025-08-19 14:37:59
682,Cal Adomitis,Cal,Adomitis,TE,CIN,,2025-08-19 14:37:59,2025-08-19 14:37:59
683,Josh Whyle,Josh,Whyle,TE,TEN,,2025-08-19 14:37:59,2025-08-19 14:37:59
684,David Martin-Robinson,David,Martin-Robinson,TE,TEN,,2025-08-19 14:37:59,2025-08-19 14:37:59
685,Thomas Odukoya,Thomas,Odukoya,TE,TEN,,2025-08-19 14:37:59,2025-08-19 14:37:59
686,Drake Dabney,Drake,Dabney,TE,TEN,,2025-08-19 14:37:59,2025-08-19 14:37:59
687,Lucas Krull,Lucas,Krull,TE,DEN,,2025-08-19 14:37:59,2025-08-19 14:37:59
688,Nate Adkins,Nate,Adkins,TE,DEN,,2025-08-19 14:37:59,2025-08-19 14:37:59
689,Caleb Lohner,Caleb,Lohner,TE,DEN,,2025-08-19 14:37:59,2025-08-19 14:37:59
690,Caden Prieskorn,Caden,Prieskorn,TE,DEN,,2025-08-19 14:37:59,2025-08-19 14:37:59
691,Mitchell Fraboni,Mitchell,Fraboni,TE,DEN,,2025-08-19 14:37:59,2025-08-19 14:37:59
692,Eric Saubert,Eric,Saubert,TE,SEA,,2025-08-19 14:37:59,2025-08-19 14:37:59
693,Nick Kallerup,Nick,Kallerup,TE,SEA,,2025-08-19 14:37:59,2025-08-19 14:37:59
694,Marshall Lang,Marshall,Lang,TE,SEA,,2025-08-19 14:37:59,2025-08-19 14:37:59
695,Luke Farrell,Luke,Farrell,TE,SF,,2025-08-19 14:37:59,2025-08-19 14:37:59
696,Ross Dwelley,Ross,Dwelley,TE,SF,,2025-08-19 14:37:59,2025-08-19 14:37:59
697,Brayden Willis,Brayden,Willis,TE,SF,,2025-08-19 14:37:59,2025-08-19 14:37:59
698,Jake Tonges,Jake,Tonges,TE,SF,,2025-08-19 14:37:59,2025-08-19 14:37:59
699,Seahawks ,Seahawks ,,DST,SEA,,2025-08-19 14:37:59,2025-08-19 14:37:59
700,Ben Sims,Ben,Sims,TE,GB,,2025-08-19 14:37:59,2025-08-19 14:37:59
701,John FitzPatrick,John,FitzPatrick,TE,GB,,2025-08-19 14:37:59,2025-08-19 14:37:59
702,Messiah Swinson,Messiah,Swinson,TE,GB,,2025-08-19 14:37:59,2025-08-19 14:37:59
703,Johnny Lumpkin,Johnny,Lumpkin,TE,GB,,2025-08-19 14:37:59,2025-08-19 14:37:59
704,Brock Wright,Brock,Wright,TE,DET,,2025-08-19 14:37:59,2025-08-19 14:37:59
705,Kenny Yeboah,Kenny,Yeboah,TE,DET,,2025-08-19 14:37:59,2025-08-19 14:37:59
706,Shane Zylstra,Shane,Zylstra,TE,DET,,2025-08-19 14:37:59,2025-08-19 14:37:59
707,Luke Deal,Luke,Deal,TE,DET,,2025-08-19 14:37:59,2025-08-19 14:37:59
708,Zach Horton,Zach,Horton,TE,DET,,2025-08-19 14:37:59,2025-08-19 14:37:59
709,Colby Parkinson,Colby,Parkinson,TE,LAR,,2025-08-19 14:37:59,2025-08-19 14:37:59
710,Davis Allen,Davis,Allen,TE,LAR,,2025-08-19 14:37:59,2025-08-19 14:37:59
711,Mark Redman,Mark,Redman,TE,LAR,,2025-08-19 14:37:59,2025-08-19 14:37:59
712,Anthony Torres,Anthony,Torres,TE,LAR,,2025-08-19 14:38:00,2025-08-19 14:38:00
713,Brevin Jordan,Brevin,Jordan,TE,HOU,,2025-08-19 14:38:00,2025-08-19 14:38:00
714,Luke Lachey,Luke,Lachey,TE,HOU,,2025-08-19 14:38:00,2025-08-19 14:38:00
715,Irv Smith Jr.,Irv,Smith Jr.,TE,HOU,,2025-08-19 14:38:00,2025-08-19 14:38:00
716,Jakob Johnson,Jakob,Johnson,TE,HOU,,2025-08-19 14:38:00,2025-08-19 14:38:00
717,Texans ,Texans ,,DST,HOU,,2025-08-19 14:38:00,2025-08-19 14:38:00
718,Saints ,Saints ,,DST,NO,,2025-08-19 14:38:00,2025-08-19 14:38:00
719,Panthers ,Panthers ,,DST,CAR,,2025-08-19 14:38:00,2025-08-19 14:38:00
720,Giants ,Giants ,,DST,NYG,,2025-08-19 14:38:00,2025-08-19 14:38:00
721,Browns ,Browns ,,DST,CLE,,2025-08-19 14:38:00,2025-08-19 14:38:00
722,Titans ,Titans ,,DST,TEN,,2025-08-19 14:38:00,2025-08-19 14:38:00
